System Name,Prestige Score,Gate Status,Description
System-0001,2,Severed,"The surface of this Red Dwarf system glimmers with fake data. Beneath the facade, the simulation rots."
System-0002,10,Severed,"The surface of this Red Dwarf system glimmers with fake data. Beneath the facade, the simulation rots."
System-0003,4,Active,"The surface of this Red Dwarf system glimmers with fake data. Beneath the facade, the simulation rots."
System-0004,1,Active,"The surface of this G/K Type system glimmers with fake data. Beneath the facade, the simulation rots."
System-0005,1,Restricted (Toll/Permit),"The surface of this G/K Type system glimmers with fake data. Beneath the facade, the simulation rots."
System-0006,4,Severed,"The surface of this Red Dwarf system glimmers with fake data. Beneath the facade, the simulation rots."
System-0007,6,Restricted (Toll/Permit),"The surface of this Exotic system glimmers with fake data. Beneath the facade, the simulation rots."
System-0008,8,Severed,"The surface of this G/K Type system glimmers with fake data. Beneath the facade, the simulation rots."
System-0009,1,Restricted (Toll/Permit),"The surface of this Red Dwarf system glimmers with fake data. Beneath the facade, the simulation rots."
System-0010,9,Active,"The surface of this Red Dwarf system glimmers with fake data. Beneath the facade, the simulation rots."
System-0011,7,Restricted (Toll/Permit),"The surface of this G/K Type system glimmers with fake data. Beneath the facade, the simulation rots."
System-0012,5,Restricted (Toll/Permit),"The surface of this Red Dwarf system glimmers with fake data. Beneath the facade, the simulation rots."
System-0013,9,Restricted (Toll/Permit),"The surface of this G/K Type system glimmers with fake data. Beneath the facade, the simulation rots."
System-0014,7,Restricted (Toll/Permit),"The surface of this Red Dwarf system glimmers with fake data. Beneath the facade, the simulation rots."
System-0015,7,Active,"The surface of this G/K Type system glimmers with fake data. Beneath the facade, the simulation rots."
System-0016,7,Severed,"The surface of this Red Dwarf system glimmers with fake data. Beneath the facade, the simulation rots."
System-0017,2,Severed,"The surface of this Exotic system glimmers with fake data. Beneath the facade, the simulation rots."
System-0018,8,Active,"The surface of this G/K Type system glimmers with fake data. Beneath the facade, the simulation rots."
System-0019,3,Active,"The surface of this G/K Type system glimmers with fake data. Beneath the facade, the simulation rots."
System-0020,8,Active,"The surface of this G/K Type system glimmers with fake data. Beneath the facade, the simulation rots."
System-0021,8,Active,"The surface of this Red Dwarf system glimmers with fake data. Beneath the facade, the simulation rots."
System-0022,10,Active,"The surface of this Red Dwarf system glimmers with fake data. Beneath the facade, the simulation rots."
System-0023,1,Severed,"The surface of this Exotic system glimmers with fake data. Beneath the facade, the simulation rots."
System-0024,2,Active,"The surface of this Red Dwarf system glimmers with fake data. Beneath the facade, the simulation rots."
System-0025,9,Restricted (Toll/Permit),"The surface of this G/K Type system glimmers with fake data. Beneath the facade, the simulation rots."
System-0026,2,Active,"The surface of this Red Dwarf system glimmers with fake data. Beneath the facade, the simulation rots."
System-0027,6,Severed,"The surface of this Red Dwarf system glimmers with fake data. Beneath the facade, the simulation rots."
System-0028,2,Active,"The surface of this Red Dwarf system glimmers with fake data. Beneath the facade, the simulation rots."
System-0029,8,Active,"The surface of this G/K Type system glimmers with fake data. Beneath the facade, the simulation rots."
System-0030,7,Active,"The surface of this Red Dwarf system glimmers with fake data. Beneath the facade, the simulation rots."
System-0031,2,Active,"The surface of this G/K Type system glimmers with fake data. Beneath the facade, the simulation rots."
System-0032,8,Active,"The surface of this Red Dwarf system glimmers with fake data. Beneath the facade, the simulation rots."
System-0033,9,Restricted (Toll/Permit),"The surface of this Red Dwarf system glimmers with fake data. Beneath the facade, the simulation rots."
System-0034,9,Restricted (Toll/Permit),"The surface of this G/K Type system glimmers with fake data. Beneath the facade, the simulation rots."
System-0035,3,Active,"The surface of this Red Dwarf system glimmers with fake data. Beneath the facade, the simulation rots."
System-0036,10,Active,"The surface of this Red Dwarf system glimmers with fake data. Beneath the facade, the simulation rots."
System-0037,1,Restricted (Toll/Permit),"The surface of this Red Dwarf system glimmers with fake data. Beneath the facade, the simulation rots."
System-0038,8,Active,"The surface of this Red Dwarf system glimmers with fake data. Beneath the facade, the simulation rots."
System-0039,10,Severed,"The surface of this G/K Type system glimmers with fake data. Beneath the facade, the simulation rots."
System-0040,3,Active,"The surface of this G/K Type system glimmers with fake data. Beneath the facade, the simulation rots."
System-0041,2,Restricted (Toll/Permit),"The surface of this Red Dwarf system glimmers with fake data. Beneath the facade, the simulation rots."
System-0042,5,Restricted (Toll/Permit),"The surface of this Red Dwarf system glimmers with fake data. Beneath the facade, the simulation rots."
System-0043,3,Restricted (Toll/Permit),"The surface of this Red Dwarf system glimmers with fake data. Beneath the facade, the simulation rots."
System-0044,10,Restricted (Toll/Permit),"The surface of this Red Dwarf system glimmers with fake data. Beneath the facade, the simulation rots."
System-0045,4,Severed,"The surface of this Red Dwarf system glimmers with fake data. Beneath the facade, the simulation rots."
System-0046,1,Restricted (Toll/Permit),"The surface of this Red Dwarf system glimmers with fake data. Beneath the facade, the simulation rots."
System-0047,6,Severed,"The surface of this G/K Type system glimmers with fake data. Beneath the facade, the simulation rots."
System-0048,8,Severed,"The surface of this Red Dwarf system glimmers with fake data. Beneath the facade, the simulation rots."
System-0049,3,Restricted (Toll/Permit),"The surface of this G/K Type system glimmers with fake data. Beneath the facade, the simulation rots."
System-0050,8,Severed,"The surface of this G/K Type system glimmers with fake data. Beneath the facade, the simulation rots."
System-0051,7,Active,"The surface of this Red Dwarf system glimmers with fake data. Beneath the facade, the simulation rots."
System-0052,5,Active,"The surface of this G/K Type system glimmers with fake data. Beneath the facade, the simulation rots."
System-0053,1,Restricted (Toll/Permit),"The surface of this Red Dwarf system glimmers with fake data. Beneath the facade, the simulation rots."
System-0054,10,Restricted (Toll/Permit),"The surface of this Red Dwarf system glimmers with fake data. Beneath the facade, the simulation rots."
System-0055,7,Severed,"The surface of this Red Dwarf system glimmers with fake data. Beneath the facade, the simulation rots."
System-0056,8,Severed,"The surface of this Red Dwarf system glimmers with fake data. Beneath the facade, the simulation rots."
System-0057,2,Active,"The surface of this Red Dwarf system glimmers with fake data. Beneath the facade, the simulation rots."
System-0058,1,Severed,"The surface of this Red Dwarf system glimmers with fake data. Beneath the facade, the simulation rots."
System-0059,5,Restricted (Toll/Permit),"The surface of this G/K Type system glimmers with fake data. Beneath the facade, the simulation rots."
System-0060,2,Restricted (Toll/Permit),"The surface of this Red Dwarf system glimmers with fake data. Beneath the facade, the simulation rots."
System-0061,10,Active,"The surface of this Red Dwarf system glimmers with fake data. Beneath the facade, the simulation rots."
System-0062,3,Active,"The surface of this Red Dwarf system glimmers with fake data. Beneath the facade, the simulation rots."
System-0063,10,Severed,"The surface of this Red Dwarf system glimmers with fake data. Beneath the facade, the simulation rots."
System-0064,7,Severed,"The surface of this G/K Type system glimmers with fake data. Beneath the facade, the simulation rots."
System-0065,9,Restricted (Toll/Permit),"The surface of this G/K Type system glimmers with fake data. Beneath the facade, the simulation rots."
System-0066,5,Active,"The surface of this Red Dwarf system glimmers with fake data. Beneath the facade, the simulation rots."
System-0067,1,Active,"The surface of this G/K Type system glimmers with fake data. Beneath the facade, the simulation rots."
System-0068,8,Severed,"The surface of this Red Dwarf system glimmers with fake data. Beneath the facade, the simulation rots."
System-0069,4,Restricted (Toll/Permit),"The surface of this G/K Type system glimmers with fake data. Beneath the facade, the simulation rots."
System-0070,4,Active,"The surface of this G/K Type system glimmers with fake data. Beneath the facade, the simulation rots."
System-0071,3,Severed,"The surface of this Red Dwarf system glimmers with fake data. Beneath the facade, the simulation rots."
System-0072,7,Active,"The surface of this G/K Type system glimmers with fake data. Beneath the facade, the simulation rots."
System-0073,10,Severed,"The surface of this Red Dwarf system glimmers with fake data. Beneath the facade, the simulation rots."
System-0074,10,Severed,"The surface of this Red Dwarf system glimmers with fake data. Beneath the facade, the simulation rots."
System-0075,5,Severed,"The surface of this Exotic system glimmers with fake data. Beneath the facade, the simulation rots."
System-0076,9,Severed,"The surface of this Exotic system glimmers with fake data. Beneath the facade, the simulation rots."
System-0077,9,Restricted (Toll/Permit),"The surface of this Exotic system glimmers with fake data. Beneath the facade, the simulation rots."
System-0078,5,Severed,"The surface of this G/K Type system glimmers with fake data. Beneath the facade, the simulation rots."
System-0079,3,Restricted (Toll/Permit),"The surface of this Red Dwarf system glimmers with fake data. Beneath the facade, the simulation rots."
System-0080,3,Restricted (Toll/Permit),"The surface of this Exotic system glimmers with fake data. Beneath the facade, the simulation rots."
System-0081,1,Restricted (Toll/Permit),"The surface of this Exotic system glimmers with fake data. Beneath the facade, the simulation rots."
System-0082,9,Severed,"The surface of this G/K Type system glimmers with fake data. Beneath the facade, the simulation rots."
System-0083,9,Severed,"The surface of this Red Dwarf system glimmers with fake data. Beneath the facade, the simulation rots."
System-0084,9,Active,"The surface of this Exotic system glimmers with fake data. Beneath the facade, the simulation rots."
System-0085,1,Active,"The surface of this G/K Type system glimmers with fake data. Beneath the facade, the simulation rots."
System-0086,1,Severed,"The surface of this Red Dwarf system glimmers with fake data. Beneath the facade, the simulation rots."
System-0087,3,Active,"The surface of this Red Dwarf system glimmers with fake data. Beneath the facade, the simulation rots."
System-0088,1,Severed,"The surface of this G/K Type system glimmers with fake data. Beneath the facade, the simulation rots."
System-0089,7,Restricted (Toll/Permit),"The surface of this Red Dwarf system glimmers with fake data. Beneath the facade, the simulation rots."
System-0090,9,Active,"The surface of this Red Dwarf system glimmers with fake data. Beneath the facade, the simulation rots."
System-0091,10,Severed,"The surface of this Exotic system glimmers with fake data. Beneath the facade, the simulation rots."
System-0092,7,Restricted (Toll/Permit),"The surface of this G/K Type system glimmers with fake data. Beneath the facade, the simulation rots."
System-0093,2,Restricted (Toll/Permit),"The surface of this Red Dwarf system glimmers with fake data. Beneath the facade, the simulation rots."
System-0094,6,Restricted (Toll/Permit),"The surface of this Red Dwarf system glimmers with fake data. Beneath the facade, the simulation rots."
System-0095,4,Active,"The surface of this Red Dwarf system glimmers with fake data. Beneath the facade, the simulation rots."
System-0096,6,Severed,"The surface of this G/K Type system glimmers with fake data. Beneath the facade, the simulation rots."
System-0097,2,Restricted (Toll/Permit),"The surface of this Exotic system glimmers with fake data. Beneath the facade, the simulation rots."
System-0098,5,Active,"The surface of this Red Dwarf system glimmers with fake data. Beneath the facade, the simulation rots."
System-0099,9,Active,"The surface of this Red Dwarf system glimmers with fake data. Beneath the facade, the simulation rots."
System-0100,8,Restricted (Toll/Permit),"The surface of this G/K Type system glimmers with fake data. Beneath the facade, the simulation rots."
System-0101,7,Restricted (Toll/Permit),"The surface of this Exotic system glimmers with fake data. Beneath the facade, the simulation rots."
System-0102,4,Restricted (Toll/Permit),"The surface of this Red Dwarf system glimmers with fake data. Beneath the facade, the simulation rots."
System-0103,10,Active,"The surface of this Red Dwarf system glimmers with fake data. Beneath the facade, the simulation rots."
System-0104,9,Severed,"The surface of this Red Dwarf system glimmers with fake data. Beneath the facade, the simulation rots."
System-0105,5,Restricted (Toll/Permit),"The surface of this Red Dwarf system glimmers with fake data. Beneath the facade, the simulation rots."
System-0106,4,Restricted (Toll/Permit),"The surface of this Red Dwarf system glimmers with fake data. Beneath the facade, the simulation rots."
System-0107,10,Severed,"The surface of this Red Dwarf system glimmers with fake data. Beneath the facade, the simulation rots."
System-0108,9,Restricted (Toll/Permit),"The surface of this G/K Type system glimmers with fake data. Beneath the facade, the simulation rots."
System-0109,6,Severed,"The surface of this Red Dwarf system glimmers with fake data. Beneath the facade, the simulation rots."
System-0110,1,Severed,"The surface of this Red Dwarf system glimmers with fake data. Beneath the facade, the simulation rots."
System-0111,2,Active,"The surface of this Exotic system glimmers with fake data. Beneath the facade, the simulation rots."
System-0112,4,Restricted (Toll/Permit),"The surface of this Red Dwarf system glimmers with fake data. Beneath the facade, the simulation rots."
System-0113,4,Active,"The surface of this Red Dwarf system glimmers with fake data. Beneath the facade, the simulation rots."
System-0114,9,Restricted (Toll/Permit),"The surface of this Red Dwarf system glimmers with fake data. Beneath the facade, the simulation rots."
System-0115,9,Severed,"The surface of this Red Dwarf system glimmers with fake data. Beneath the facade, the simulation rots."
System-0116,2,Severed,"The surface of this Red Dwarf system glimmers with fake data. Beneath the facade, the simulation rots."
System-0117,7,Active,"The surface of this Red Dwarf system glimmers with fake data. Beneath the facade, the simulation rots."
System-0118,7,Active,"The surface of this Red Dwarf system glimmers with fake data. Beneath the facade, the simulation rots."
System-0119,2,Active,"The surface of this Red Dwarf system glimmers with fake data. Beneath the facade, the simulation rots."
System-0120,4,Severed,"The surface of this Exotic system glimmers with fake data. Beneath the facade, the simulation rots."
System-0121,7,Active,"The surface of this Exotic system glimmers with fake data. Beneath the facade, the simulation rots."
System-0122,5,Active,"The surface of this Red Dwarf system glimmers with fake data. Beneath the facade, the simulation rots."
System-0123,1,Restricted (Toll/Permit),"The surface of this Red Dwarf system glimmers with fake data. Beneath the facade, the simulation rots."
System-0124,7,Active,"The surface of this Red Dwarf system glimmers with fake data. Beneath the facade, the simulation rots."
System-0125,2,Active,"The surface of this Red Dwarf system glimmers with fake data. Beneath the facade, the simulation rots."
System-0126,6,Active,"The surface of this Red Dwarf system glimmers with fake data. Beneath the facade, the simulation rots."
System-0127,3,Restricted (Toll/Permit),"The surface of this Red Dwarf system glimmers with fake data. Beneath the facade, the simulation rots."
System-0128,9,Active,"The surface of this G/K Type system glimmers with fake data. Beneath the facade, the simulation rots."
System-0129,1,Active,"The surface of this G/K Type system glimmers with fake data. Beneath the facade, the simulation rots."
System-0130,10,Restricted (Toll/Permit),"The surface of this G/K Type system glimmers with fake data. Beneath the facade, the simulation rots."
System-0131,4,Severed,"The surface of this Red Dwarf system glimmers with fake data. Beneath the facade, the simulation rots."
System-0132,9,Active,"The surface of this Red Dwarf system glimmers with fake data. Beneath the facade, the simulation rots."
System-0133,7,Severed,"The surface of this G/K Type system glimmers with fake data. Beneath the facade, the simulation rots."
System-0134,5,Severed,"The surface of this Red Dwarf system glimmers with fake data. Beneath the facade, the simulation rots."
System-0135,3,Restricted (Toll/Permit),"The surface of this G/K Type system glimmers with fake data. Beneath the facade, the simulation rots."
System-0136,5,Restricted (Toll/Permit),"The surface of this Red Dwarf system glimmers with fake data. Beneath the facade, the simulation rots."
System-0137,9,Active,"The surface of this Red Dwarf system glimmers with fake data. Beneath the facade, the simulation rots."
System-0138,7,Severed,"The surface of this G/K Type system glimmers with fake data. Beneath the facade, the simulation rots."
System-0139,1,Severed,"The surface of this G/K Type system glimmers with fake data. Beneath the facade, the simulation rots."
System-0140,5,Severed,"The surface of this Red Dwarf system glimmers with fake data. Beneath the facade, the simulation rots."
System-0141,1,Severed,"The surface of this G/K Type system glimmers with fake data. Beneath the facade, the simulation rots."
System-0142,8,Restricted (Toll/Permit),"The surface of this Red Dwarf system glimmers with fake data. Beneath the facade, the simulation rots."
System-0143,1,Restricted (Toll/Permit),"The surface of this G/K Type system glimmers with fake data. Beneath the facade, the simulation rots."
System-0144,5,Restricted (Toll/Permit),"The surface of this Exotic system glimmers with fake data. Beneath the facade, the simulation rots."
System-0145,1,Severed,"The surface of this Red Dwarf system glimmers with fake data. Beneath the facade, the simulation rots."
System-0146,2,Active,"The surface of this G/K Type system glimmers with fake data. Beneath the facade, the simulation rots."
System-0147,7,Severed,"The surface of this G/K Type system glimmers with fake data. Beneath the facade, the simulation rots."
System-0148,7,Active,"The surface of this Exotic system glimmers with fake data. Beneath the facade, the simulation rots."
System-0149,3,Active,"The surface of this Red Dwarf system glimmers with fake data. Beneath the facade, the simulation rots."
System-0150,9,Restricted (Toll/Permit),"The surface of this Red Dwarf system glimmers with fake data. Beneath the facade, the simulation rots."
System-0151,3,Severed,"The surface of this Red Dwarf system glimmers with fake data. Beneath the facade, the simulation rots."
System-0152,1,Restricted (Toll/Permit),"The surface of this Red Dwarf system glimmers with fake data. Beneath the facade, the simulation rots."
System-0153,1,Active,"The surface of this Red Dwarf system glimmers with fake data. Beneath the facade, the simulation rots."
System-0154,10,Restricted (Toll/Permit),"The surface of this Red Dwarf system glimmers with fake data. Beneath the facade, the simulation rots."
System-0155,1,Severed,"The surface of this G/K Type system glimmers with fake data. Beneath the facade, the simulation rots."
System-0156,4,Restricted (Toll/Permit),"The surface of this Red Dwarf system glimmers with fake data. Beneath the facade, the simulation rots."
System-0157,2,Restricted (Toll/Permit),"The surface of this Red Dwarf system glimmers with fake data. Beneath the facade, the simulation rots."
System-0158,2,Restricted (Toll/Permit),"The surface of this Red Dwarf system glimmers with fake data. Beneath the facade, the simulation rots."
System-0159,4,Active,"The surface of this Red Dwarf system glimmers with fake data. Beneath the facade, the simulation rots."
System-0160,6,Active,"The surface of this Red Dwarf system glimmers with fake data. Beneath the facade, the simulation rots."
System-0161,9,Restricted (Toll/Permit),"The surface of this G/K Type system glimmers with fake data. Beneath the facade, the simulation rots."
System-0162,3,Active,"The surface of this Red Dwarf system glimmers with fake data. Beneath the facade, the simulation rots."
System-0163,5,Restricted (Toll/Permit),"The surface of this G/K Type system glimmers with fake data. Beneath the facade, the simulation rots."
System-0164,8,Severed,"The surface of this Red Dwarf system glimmers with fake data. Beneath the facade, the simulation rots."
System-0165,7,Active,"The surface of this Red Dwarf system glimmers with fake data. Beneath the facade, the simulation rots."
System-0166,5,Severed,"The surface of this Red Dwarf system glimmers with fake data. Beneath the facade, the simulation rots."
System-0167,9,Severed,"The surface of this Red Dwarf system glimmers with fake data. Beneath the facade, the simulation rots."
System-0168,3,Severed,"The surface of this Red Dwarf system glimmers with fake data. Beneath the facade, the simulation rots."
System-0169,1,Restricted (Toll/Permit),"The surface of this Red Dwarf system glimmers with fake data. Beneath the facade, the simulation rots."
System-0170,10,Severed,"The surface of this Exotic system glimmers with fake data. Beneath the facade, the simulation rots."
System-0171,7,Restricted (Toll/Permit),"The surface of this Red Dwarf system glimmers with fake data. Beneath the facade, the simulation rots."
System-0172,10,Severed,"The surface of this Exotic system glimmers with fake data. Beneath the facade, the simulation rots."
System-0173,9,Severed,"The surface of this Red Dwarf system glimmers with fake data. Beneath the facade, the simulation rots."
System-0174,10,Active,"The surface of this Red Dwarf system glimmers with fake data. Beneath the facade, the simulation rots."
System-0175,1,Restricted (Toll/Permit),"The surface of this Red Dwarf system glimmers with fake data. Beneath the facade, the simulation rots."
System-0176,1,Severed,"The surface of this Exotic system glimmers with fake data. Beneath the facade, the simulation rots."
System-0177,9,Restricted (Toll/Permit),"The surface of this Red Dwarf system glimmers with fake data. Beneath the facade, the simulation rots."
System-0178,2,Active,"The surface of this Red Dwarf system glimmers with fake data. Beneath the facade, the simulation rots."
System-0179,5,Restricted (Toll/Permit),"The surface of this Red Dwarf system glimmers with fake data. Beneath the facade, the simulation rots."
System-0180,6,Active,"The surface of this Red Dwarf system glimmers with fake data. Beneath the facade, the simulation rots."
System-0181,8,Severed,"The surface of this Red Dwarf system glimmers with fake data. Beneath the facade, the simulation rots."
System-0182,4,Active,"The surface of this G/K Type system glimmers with fake data. Beneath the facade, the simulation rots."
System-0183,1,Restricted (Toll/Permit),"The surface of this Red Dwarf system glimmers with fake data. Beneath the facade, the simulation rots."
System-0184,9,Restricted (Toll/Permit),"The surface of this G/K Type system glimmers with fake data. Beneath the facade, the simulation rots."
System-0185,2,Severed,"The surface of this Red Dwarf system glimmers with fake data. Beneath the facade, the simulation rots."
System-0186,2,Restricted (Toll/Permit),"The surface of this G/K Type system glimmers with fake data. Beneath the facade, the simulation rots."
System-0187,5,Restricted (Toll/Permit),"The surface of this Red Dwarf system glimmers with fake data. Beneath the facade, the simulation rots."
System-0188,4,Restricted (Toll/Permit),"The surface of this G/K Type system glimmers with fake data. Beneath the facade, the simulation rots."
System-0189,10,Active,"The surface of this G/K Type system glimmers with fake data. Beneath the facade, the simulation rots."
System-0190,9,Active,"The surface of this Red Dwarf system glimmers with fake data. Beneath the facade, the simulation rots."
System-0191,10,Restricted (Toll/Permit),"The surface of this Red Dwarf system glimmers with fake data. Beneath the facade, the simulation rots."
System-0192,5,Active,"The surface of this G/K Type system glimmers with fake data. Beneath the facade, the simulation rots."
System-0193,5,Severed,"The surface of this G/K Type system glimmers with fake data. Beneath the facade, the simulation rots."
System-0194,9,Active,"The surface of this G/K Type system glimmers with fake data. Beneath the facade, the simulation rots."
System-0195,2,Active,"The surface of this G/K Type system glimmers with fake data. Beneath the facade, the simulation rots."
System-0196,10,Restricted (Toll/Permit),"The surface of this Red Dwarf system glimmers with fake data. Beneath the facade, the simulation rots."
System-0197,4,Active,"The surface of this Red Dwarf system glimmers with fake data. Beneath the facade, the simulation rots."
System-0198,10,Restricted (Toll/Permit),"The surface of this Red Dwarf system glimmers with fake data. Beneath the facade, the simulation rots."
System-0199,5,Active,"The surface of this Exotic system glimmers with fake data. Beneath the facade, the simulation rots."
System-0200,3,Severed,"The surface of this Red Dwarf system glimmers with fake data. Beneath the facade, the simulation rots."
System-0201,2,Severed,"The surface of this G/K Type system glimmers with fake data. Beneath the facade, the simulation rots."
System-0202,7,Active,"The surface of this G/K Type system glimmers with fake data. Beneath the facade, the simulation rots."
System-0203,5,Restricted (Toll/Permit),"The surface of this Red Dwarf system glimmers with fake data. Beneath the facade, the simulation rots."
System-0204,8,Severed,"The surface of this Red Dwarf system glimmers with fake data. Beneath the facade, the simulation rots."
System-0205,7,Severed,"The surface of this Red Dwarf system glimmers with fake data. Beneath the facade, the simulation rots."
System-0206,4,Severed,"The surface of this Red Dwarf system glimmers with fake data. Beneath the facade, the simulation rots."
System-0207,8,Restricted (Toll/Permit),"The surface of this Red Dwarf system glimmers with fake data. Beneath the facade, the simulation rots."
System-0208,10,Active,"The surface of this Red Dwarf system glimmers with fake data. Beneath the facade, the simulation rots."
System-0209,4,Active,"The surface of this Red Dwarf system glimmers with fake data. Beneath the facade, the simulation rots."
System-0210,1,Active,"The surface of this Red Dwarf system glimmers with fake data. Beneath the facade, the simulation rots."
System-0211,1,Restricted (Toll/Permit),"The surface of this G/K Type system glimmers with fake data. Beneath the facade, the simulation rots."
System-0212,4,Severed,"The surface of this Exotic system glimmers with fake data. Beneath the facade, the simulation rots."
System-0213,2,Severed,"The surface of this Red Dwarf system glimmers with fake data. Beneath the facade, the simulation rots."
System-0214,7,Active,"The surface of this Red Dwarf system glimmers with fake data. Beneath the facade, the simulation rots."
System-0215,2,Severed,"The surface of this Exotic system glimmers with fake data. Beneath the facade, the simulation rots."
System-0216,9,Restricted (Toll/Permit),"The surface of this G/K Type system glimmers with fake data. Beneath the facade, the simulation rots."
System-0217,4,Restricted (Toll/Permit),"The surface of this G/K Type system glimmers with fake data. Beneath the facade, the simulation rots."
System-0218,9,Active,"The surface of this Red Dwarf system glimmers with fake data. Beneath the facade, the simulation rots."
System-0219,9,Severed,"The surface of this G/K Type system glimmers with fake data. Beneath the facade, the simulation rots."
System-0220,2,Severed,"The surface of this G/K Type system glimmers with fake data. Beneath the facade, the simulation rots."
System-0221,8,Severed,"The surface of this G/K Type system glimmers with fake data. Beneath the facade, the simulation rots."
System-0222,5,Severed,"The surface of this Red Dwarf system glimmers with fake data. Beneath the facade, the simulation rots."
System-0223,2,Severed,"The surface of this Exotic system glimmers with fake data. Beneath the facade, the simulation rots."
System-0224,1,Severed,"The surface of this Red Dwarf system glimmers with fake data. Beneath the facade, the simulation rots."
System-0225,8,Active,"The surface of this Red Dwarf system glimmers with fake data. Beneath the facade, the simulation rots."
System-0226,5,Active,"The surface of this Red Dwarf system glimmers with fake data. Beneath the facade, the simulation rots."
System-0227,7,Restricted (Toll/Permit),"The surface of this Red Dwarf system glimmers with fake data. Beneath the facade, the simulation rots."
System-0228,1,Active,"The surface of this G/K Type system glimmers with fake data. Beneath the facade, the simulation rots."
System-0229,4,Severed,"The surface of this Red Dwarf system glimmers with fake data. Beneath the facade, the simulation rots."
System-0230,6,Restricted (Toll/Permit),"The surface of this G/K Type system glimmers with fake data. Beneath the facade, the simulation rots."
System-0231,9,Active,"The surface of this Red Dwarf system glimmers with fake data. Beneath the facade, the simulation rots."
System-0232,2,Restricted (Toll/Permit),"The surface of this Red Dwarf system glimmers with fake data. Beneath the facade, the simulation rots."
System-0233,5,Active,"The surface of this G/K Type system glimmers with fake data. Beneath the facade, the simulation rots."
System-0234,3,Restricted (Toll/Permit),"The surface of this G/K Type system glimmers with fake data. Beneath the facade, the simulation rots."
System-0235,9,Restricted (Toll/Permit),"The surface of this Red Dwarf system glimmers with fake data. Beneath the facade, the simulation rots."
System-0236,4,Restricted (Toll/Permit),"The surface of this Red Dwarf system glimmers with fake data. Beneath the facade, the simulation rots."
System-0237,1,Severed,"The surface of this G/K Type system glimmers with fake data. Beneath the facade, the simulation rots."
System-0238,6,Active,"The surface of this Red Dwarf system glimmers with fake data. Beneath the facade, the simulation rots."
System-0239,10,Restricted (Toll/Permit),"The surface of this Red Dwarf system glimmers with fake data. Beneath the facade, the simulation rots."
System-0240,8,Active,"The surface of this Red Dwarf system glimmers with fake data. Beneath the facade, the simulation rots."
System-0241,5,Restricted (Toll/Permit),"The surface of this Exotic system glimmers with fake data. Beneath the facade, the simulation rots."
System-0242,8,Active,"The surface of this Red Dwarf system glimmers with fake data. Beneath the facade, the simulation rots."
System-0243,7,Restricted (Toll/Permit),"The surface of this G/K Type system glimmers with fake data. Beneath the facade, the simulation rots."
System-0244,1,Severed,"The surface of this Exotic system glimmers with fake data. Beneath the facade, the simulation rots."
System-0245,1,Restricted (Toll/Permit),"The surface of this G/K Type system glimmers with fake data. Beneath the facade, the simulation rots."
System-0246,4,Active,"The surface of this Exotic system glimmers with fake data. Beneath the facade, the simulation rots."
System-0247,10,Restricted (Toll/Permit),"The surface of this Red Dwarf system glimmers with fake data. Beneath the facade, the simulation rots."
System-0248,5,Restricted (Toll/Permit),"The surface of this Red Dwarf system glimmers with fake data. Beneath the facade, the simulation rots."
System-0249,8,Active,"The surface of this G/K Type system glimmers with fake data. Beneath the facade, the simulation rots."
System-0250,9,Active,"The surface of this G/K Type system glimmers with fake data. Beneath the facade, the simulation rots."
System-0251,6,Active,"The surface of this G/K Type system glimmers with fake data. Beneath the facade, the simulation rots."
System-0252,1,Active,"The surface of this G/K Type system glimmers with fake data. Beneath the facade, the simulation rots."
System-0253,10,Active,"The surface of this Red Dwarf system glimmers with fake data. Beneath the facade, the simulation rots."
System-0254,4,Restricted (Toll/Permit),"The surface of this G/K Type system glimmers with fake data. Beneath the facade, the simulation rots."
System-0255,7,Severed,"The surface of this G/K Type system glimmers with fake data. Beneath the facade, the simulation rots."
System-0256,2,Active,"The surface of this Red Dwarf system glimmers with fake data. Beneath the facade, the simulation rots."
System-0257,8,Active,"The surface of this Red Dwarf system glimmers with fake data. Beneath the facade, the simulation rots."
System-0258,1,Severed,"The surface of this G/K Type system glimmers with fake data. Beneath the facade, the simulation rots."
System-0259,2,Restricted (Toll/Permit),"The surface of this Red Dwarf system glimmers with fake data. Beneath the facade, the simulation rots."
System-0260,1,Severed,"The surface of this G/K Type system glimmers with fake data. Beneath the facade, the simulation rots."
System-0261,5,Restricted (Toll/Permit),"The surface of this Red Dwarf system glimmers with fake data. Beneath the facade, the simulation rots."
System-0262,10,Active,"The surface of this G/K Type system glimmers with fake data. Beneath the facade, the simulation rots."
System-0263,7,Restricted (Toll/Permit),"The surface of this Red Dwarf system glimmers with fake data. Beneath the facade, the simulation rots."
System-0264,3,Restricted (Toll/Permit),"The surface of this Red Dwarf system glimmers with fake data. Beneath the facade, the simulation rots."
System-0265,4,Active,"The surface of this Red Dwarf system glimmers with fake data. Beneath the facade, the simulation rots."
System-0266,6,Restricted (Toll/Permit),"The surface of this Red Dwarf system glimmers with fake data. Beneath the facade, the simulation rots."
System-0267,2,Severed,"The surface of this G/K Type system glimmers with fake data. Beneath the facade, the simulation rots."
System-0268,3,Severed,"The surface of this Red Dwarf system glimmers with fake data. Beneath the facade, the simulation rots."
System-0269,1,Restricted (Toll/Permit),"The surface of this G/K Type system glimmers with fake data. Beneath the facade, the simulation rots."
System-0270,1,Active,"The surface of this Red Dwarf system glimmers with fake data. Beneath the facade, the simulation rots."
System-0271,4,Active,"The surface of this G/K Type system glimmers with fake data. Beneath the facade, the simulation rots."
System-0272,9,Restricted (Toll/Permit),"The surface of this Red Dwarf system glimmers with fake data. Beneath the facade, the simulation rots."
System-0273,3,Severed,"The surface of this Red Dwarf system glimmers with fake data. Beneath the facade, the simulation rots."
System-0274,2,Active,"The surface of this Red Dwarf system glimmers with fake data. Beneath the facade, the simulation rots."
System-0275,1,Active,"The surface of this Red Dwarf system glimmers with fake data. Beneath the facade, the simulation rots."
System-0276,8,Severed,"The surface of this G/K Type system glimmers with fake data. Beneath the facade, the simulation rots."
System-0277,1,Severed,"The surface of this Red Dwarf system glimmers with fake data. Beneath the facade, the simulation rots."
System-0278,1,Restricted (Toll/Permit),"The surface of this G/K Type system glimmers with fake data. Beneath the facade, the simulation rots."
System-0279,8,Restricted (Toll/Permit),"The surface of this Red Dwarf system glimmers with fake data. Beneath the facade, the simulation rots."
System-0280,10,Restricted (Toll/Permit),"The surface of this G/K Type system glimmers with fake data. Beneath the facade, the simulation rots."
System-0281,4,Severed,"The surface of this Exotic system glimmers with fake data. Beneath the facade, the simulation rots."
System-0282,2,Restricted (Toll/Permit),"The surface of this G/K Type system glimmers with fake data. Beneath the facade, the simulation rots."
System-0283,5,Restricted (Toll/Permit),"The surface of this Red Dwarf system glimmers with fake data. Beneath the facade, the simulation rots."
System-0284,5,Severed,"The surface of this Red Dwarf system glimmers with fake data. Beneath the facade, the simulation rots."
System-0285,2,Restricted (Toll/Permit),"The surface of this G/K Type system glimmers with fake data. Beneath the facade, the simulation rots."
System-0286,7,Active,"The surface of this G/K Type system glimmers with fake data. Beneath the facade, the simulation rots."
System-0287,10,Restricted (Toll/Permit),"The surface of this Red Dwarf system glimmers with fake data. Beneath the facade, the simulation rots."
System-0288,3,Restricted (Toll/Permit),"The surface of this G/K Type system glimmers with fake data. Beneath the facade, the simulation rots."
System-0289,3,Severed,"The surface of this Red Dwarf system glimmers with fake data. Beneath the facade, the simulation rots."
System-0290,10,Restricted (Toll/Permit),"The surface of this Red Dwarf system glimmers with fake data. Beneath the facade, the simulation rots."
System-0291,4,Severed,"The surface of this Red Dwarf system glimmers with fake data. Beneath the facade, the simulation rots."
System-0292,2,Active,"The surface of this Red Dwarf system glimmers with fake data. Beneath the facade, the simulation rots."
System-0293,3,Severed,"The surface of this Red Dwarf system glimmers with fake data. Beneath the facade, the simulation rots."
System-0294,8,Severed,"The surface of this G/K Type system glimmers with fake data. Beneath the facade, the simulation rots."
System-0295,3,Restricted (Toll/Permit),"The surface of this G/K Type system glimmers with fake data. Beneath the facade, the simulation rots."
System-0296,6,Active,"The surface of this Red Dwarf system glimmers with fake data. Beneath the facade, the simulation rots."
System-0297,9,Severed,"The surface of this Red Dwarf system glimmers with fake data. Beneath the facade, the simulation rots."
System-0298,3,Active,"The surface of this G/K Type system glimmers with fake data. Beneath the facade, the simulation rots."
System-0299,5,Severed,"The surface of this Red Dwarf system glimmers with fake data. Beneath the facade, the simulation rots."
System-0300,10,Severed,"The surface of this Red Dwarf system glimmers with fake data. Beneath the facade, the simulation rots."
System-0301,4,Severed,"The surface of this Red Dwarf system glimmers with fake data. Beneath the facade, the simulation rots."
System-0302,10,Active,"The surface of this Red Dwarf system glimmers with fake data. Beneath the facade, the simulation rots."
System-0303,4,Restricted (Toll/Permit),"The surface of this Red Dwarf system glimmers with fake data. Beneath the facade, the simulation rots."
System-0304,8,Severed,"The surface of this Red Dwarf system glimmers with fake data. Beneath the facade, the simulation rots."
System-0305,8,Active,"The surface of this Red Dwarf system glimmers with fake data. Beneath the facade, the simulation rots."
System-0306,8,Restricted (Toll/Permit),"The surface of this Red Dwarf system glimmers with fake data. Beneath the facade, the simulation rots."
System-0307,10,Restricted (Toll/Permit),"The surface of this G/K Type system glimmers with fake data. Beneath the facade, the simulation rots."
System-0308,1,Severed,"The surface of this Exotic system glimmers with fake data. Beneath the facade, the simulation rots."
System-0309,9,Severed,"The surface of this Red Dwarf system glimmers with fake data. Beneath the facade, the simulation rots."
System-0310,5,Restricted (Toll/Permit),"The surface of this G/K Type system glimmers with fake data. Beneath the facade, the simulation rots."
System-0311,2,Active,"The surface of this Exotic system glimmers with fake data. Beneath the facade, the simulation rots."
System-0312,4,Active,"The surface of this Exotic system glimmers with fake data. Beneath the facade, the simulation rots."
System-0313,10,Active,"The surface of this Red Dwarf system glimmers with fake data. Beneath the facade, the simulation rots."
System-0314,4,Restricted (Toll/Permit),"The surface of this Red Dwarf system glimmers with fake data. Beneath the facade, the simulation rots."
System-0315,7,Severed,"The surface of this Red Dwarf system glimmers with fake data. Beneath the facade, the simulation rots."
System-0316,9,Active,"The surface of this Red Dwarf system glimmers with fake data. Beneath the facade, the simulation rots."
System-0317,5,Active,"The surface of this Red Dwarf system glimmers with fake data. Beneath the facade, the simulation rots."
System-0318,5,Severed,"The surface of this G/K Type system glimmers with fake data. Beneath the facade, the simulation rots."
System-0319,1,Restricted (Toll/Permit),"The surface of this Red Dwarf system glimmers with fake data. Beneath the facade, the simulation rots."
System-0320,1,Restricted (Toll/Permit),"The surface of this G/K Type system glimmers with fake data. Beneath the facade, the simulation rots."
System-0321,5,Restricted (Toll/Permit),"The surface of this Red Dwarf system glimmers with fake data. Beneath the facade, the simulation rots."
System-0322,7,Active,"The surface of this Red Dwarf system glimmers with fake data. Beneath the facade, the simulation rots."
System-0323,6,Severed,"The surface of this Red Dwarf system glimmers with fake data. Beneath the facade, the simulation rots."
System-0324,9,Active,"The surface of this Exotic system glimmers with fake data. Beneath the facade, the simulation rots."
System-0325,5,Active,"The surface of this G/K Type system glimmers with fake data. Beneath the facade, the simulation rots."
System-0326,1,Active,"The surface of this Red Dwarf system glimmers with fake data. Beneath the facade, the simulation rots."
System-0327,7,Active,"The surface of this G/K Type system glimmers with fake data. Beneath the facade, the simulation rots."
System-0328,4,Active,"The surface of this Red Dwarf system glimmers with fake data. Beneath the facade, the simulation rots."
System-0329,1,Severed,"The surface of this Red Dwarf system glimmers with fake data. Beneath the facade, the simulation rots."
System-0330,5,Restricted (Toll/Permit),"The surface of this Red Dwarf system glimmers with fake data. Beneath the facade, the simulation rots."
System-0331,10,Active,"The surface of this Red Dwarf system glimmers with fake data. Beneath the facade, the simulation rots."
System-0332,3,Severed,"The surface of this G/K Type system glimmers with fake data. Beneath the facade, the simulation rots."
System-0333,8,Severed,"The surface of this G/K Type system glimmers with fake data. Beneath the facade, the simulation rots."
System-0334,1,Active,"The surface of this Red Dwarf system glimmers with fake data. Beneath the facade, the simulation rots."
System-0335,4,Active,"The surface of this G/K Type system glimmers with fake data. Beneath the facade, the simulation rots."
System-0336,4,Active,"The surface of this Red Dwarf system glimmers with fake data. Beneath the facade, the simulation rots."
System-0337,7,Restricted (Toll/Permit),"The surface of this Red Dwarf system glimmers with fake data. Beneath the facade, the simulation rots."
System-0338,4,Severed,"The surface of this Red Dwarf system glimmers with fake data. Beneath the facade, the simulation rots."
System-0339,8,Severed,"The surface of this G/K Type system glimmers with fake data. Beneath the facade, the simulation rots."
System-0340,4,Severed,"The surface of this Red Dwarf system glimmers with fake data. Beneath the facade, the simulation rots."
System-0341,9,Restricted (Toll/Permit),"The surface of this G/K Type system glimmers with fake data. Beneath the facade, the simulation rots."
System-0342,9,Severed,"The surface of this Exotic system glimmers with fake data. Beneath the facade, the simulation rots."
System-0343,1,Severed,"The surface of this Red Dwarf system glimmers with fake data. Beneath the facade, the simulation rots."
System-0344,3,Severed,"The surface of this Red Dwarf system glimmers with fake data. Beneath the facade, the simulation rots."
System-0345,6,Restricted (Toll/Permit),"The surface of this Red Dwarf system glimmers with fake data. Beneath the facade, the simulation rots."
System-0346,1,Active,"The surface of this Red Dwarf system glimmers with fake data. Beneath the facade, the simulation rots."
System-0347,8,Restricted (Toll/Permit),"The surface of this Exotic system glimmers with fake data. Beneath the facade, the simulation rots."
System-0348,6,Active,"The surface of this Red Dwarf system glimmers with fake data. Beneath the facade, the simulation rots."
System-0349,6,Active,"The surface of this Red Dwarf system glimmers with fake data. Beneath the facade, the simulation rots."
System-0350,3,Restricted (Toll/Permit),"The surface of this Exotic system glimmers with fake data. Beneath the facade, the simulation rots."
System-0351,10,Active,"The surface of this G/K Type system glimmers with fake data. Beneath the facade, the simulation rots."
System-0352,3,Restricted (Toll/Permit),"The surface of this Red Dwarf system glimmers with fake data. Beneath the facade, the simulation rots."
System-0353,7,Severed,"The surface of this G/K Type system glimmers with fake data. Beneath the facade, the simulation rots."
System-0354,10,Active,"The surface of this Red Dwarf system glimmers with fake data. Beneath the facade, the simulation rots."
System-0355,3,Severed,"The surface of this Red Dwarf system glimmers with fake data. Beneath the facade, the simulation rots."
System-0356,5,Active,"The surface of this Red Dwarf system glimmers with fake data. Beneath the facade, the simulation rots."
System-0357,8,Restricted (Toll/Permit),"The surface of this G/K Type system glimmers with fake data. Beneath the facade, the simulation rots."
System-0358,10,Severed,"The surface of this Red Dwarf system glimmers with fake data. Beneath the facade, the simulation rots."
System-0359,2,Severed,"The surface of this Red Dwarf system glimmers with fake data. Beneath the facade, the simulation rots."
System-0360,1,Active,"The surface of this Red Dwarf system glimmers with fake data. Beneath the facade, the simulation rots."
System-0361,10,Severed,"The surface of this Red Dwarf system glimmers with fake data. Beneath the facade, the simulation rots."
System-0362,3,Restricted (Toll/Permit),"The surface of this G/K Type system glimmers with fake data. Beneath the facade, the simulation rots."
System-0363,9,Active,"The surface of this Red Dwarf system glimmers with fake data. Beneath the facade, the simulation rots."
System-0364,4,Severed,"The surface of this Red Dwarf system glimmers with fake data. Beneath the facade, the simulation rots."
System-0365,5,Restricted (Toll/Permit),"The surface of this Red Dwarf system glimmers with fake data. Beneath the facade, the simulation rots."
System-0366,8,Severed,"The surface of this G/K Type system glimmers with fake data. Beneath the facade, the simulation rots."
System-0367,7,Severed,"The surface of this G/K Type system glimmers with fake data. Beneath the facade, the simulation rots."
System-0368,10,Severed,"The surface of this G/K Type system glimmers with fake data. Beneath the facade, the simulation rots."
System-0369,3,Active,"The surface of this Red Dwarf system glimmers with fake data. Beneath the facade, the simulation rots."
System-0370,4,Severed,"The surface of this Red Dwarf system glimmers with fake data. Beneath the facade, the simulation rots."
System-0371,8,Active,"The surface of this Red Dwarf system glimmers with fake data. Beneath the facade, the simulation rots."
System-0372,2,Severed,"The surface of this Red Dwarf system glimmers with fake data. Beneath the facade, the simulation rots."
System-0373,5,Active,"The surface of this G/K Type system glimmers with fake data. Beneath the facade, the simulation rots."
System-0374,7,Active,"The surface of this G/K Type system glimmers with fake data. Beneath the facade, the simulation rots."
System-0375,1,Restricted (Toll/Permit),"The surface of this Red Dwarf system glimmers with fake data. Beneath the facade, the simulation rots."
System-0376,2,Restricted (Toll/Permit),"The surface of this Red Dwarf system glimmers with fake data. Beneath the facade, the simulation rots."
System-0377,5,Active,"The surface of this Red Dwarf system glimmers with fake data. Beneath the facade, the simulation rots."
System-0378,1,Restricted (Toll/Permit),"The surface of this Exotic system glimmers with fake data. Beneath the facade, the simulation rots."
System-0379,1,Restricted (Toll/Permit),"The surface of this Red Dwarf system glimmers with fake data. Beneath the facade, the simulation rots."
System-0380,5,Restricted (Toll/Permit),"The surface of this Red Dwarf system glimmers with fake data. Beneath the facade, the simulation rots."
System-0381,5,Restricted (Toll/Permit),"The surface of this Red Dwarf system glimmers with fake data. Beneath the facade, the simulation rots."
System-0382,8,Severed,"The surface of this G/K Type system glimmers with fake data. Beneath the facade, the simulation rots."
System-0383,5,Severed,"The surface of this Red Dwarf system glimmers with fake data. Beneath the facade, the simulation rots."
System-0384,1,Restricted (Toll/Permit),"The surface of this Red Dwarf system glimmers with fake data. Beneath the facade, the simulation rots."
System-0385,2,Active,"The surface of this Exotic system glimmers with fake data. Beneath the facade, the simulation rots."
System-0386,2,Restricted (Toll/Permit),"The surface of this Red Dwarf system glimmers with fake data. Beneath the facade, the simulation rots."
System-0387,3,Restricted (Toll/Permit),"The surface of this Exotic system glimmers with fake data. Beneath the facade, the simulation rots."
System-0388,1,Severed,"The surface of this Red Dwarf system glimmers with fake data. Beneath the facade, the simulation rots."
System-0389,4,Severed,"The surface of this G/K Type system glimmers with fake data. Beneath the facade, the simulation rots."
System-0390,8,Active,"The surface of this G/K Type system glimmers with fake data. Beneath the facade, the simulation rots."
System-0391,9,Active,"The surface of this Red Dwarf system glimmers with fake data. Beneath the facade, the simulation rots."
System-0392,1,Active,"The surface of this Red Dwarf system glimmers with fake data. Beneath the facade, the simulation rots."
System-0393,2,Severed,"The surface of this Red Dwarf system glimmers with fake data. Beneath the facade, the simulation rots."
System-0394,3,Restricted (Toll/Permit),"The surface of this G/K Type system glimmers with fake data. Beneath the facade, the simulation rots."
System-0395,3,Severed,"The surface of this Red Dwarf system glimmers with fake data. Beneath the facade, the simulation rots."
System-0396,8,Severed,"The surface of this Exotic system glimmers with fake data. Beneath the facade, the simulation rots."
System-0397,9,Severed,"The surface of this G/K Type system glimmers with fake data. Beneath the facade, the simulation rots."
System-0398,2,Restricted (Toll/Permit),"The surface of this Red Dwarf system glimmers with fake data. Beneath the facade, the simulation rots."
System-0399,4,Active,"The surface of this G/K Type system glimmers with fake data. Beneath the facade, the simulation rots."
System-0400,1,Active,"The surface of this Red Dwarf system glimmers with fake data. Beneath the facade, the simulation rots."
System-0401,8,Active,"The surface of this Exotic system glimmers with fake data. Beneath the facade, the simulation rots."
System-0402,8,Active,"The surface of this Red Dwarf system glimmers with fake data. Beneath the facade, the simulation rots."
System-0403,3,Active,"The surface of this Red Dwarf system glimmers with fake data. Beneath the facade, the simulation rots."
System-0404,5,Active,"The surface of this Red Dwarf system glimmers with fake data. Beneath the facade, the simulation rots."
System-0405,1,Severed,"The surface of this Red Dwarf system glimmers with fake data. Beneath the facade, the simulation rots."
System-0406,3,Severed,"The surface of this G/K Type system glimmers with fake data. Beneath the facade, the simulation rots."
System-0407,10,Active,"The surface of this G/K Type system glimmers with fake data. Beneath the facade, the simulation rots."
System-0408,3,Severed,"The surface of this Red Dwarf system glimmers with fake data. Beneath the facade, the simulation rots."
System-0409,5,Active,"The surface of this G/K Type system glimmers with fake data. Beneath the facade, the simulation rots."
System-0410,5,Active,"The surface of this Red Dwarf system glimmers with fake data. Beneath the facade, the simulation rots."
System-0411,7,Restricted (Toll/Permit),"The surface of this Red Dwarf system glimmers with fake data. Beneath the facade, the simulation rots."
System-0412,3,Active,"The surface of this Red Dwarf system glimmers with fake data. Beneath the facade, the simulation rots."
System-0413,6,Severed,"The surface of this G/K Type system glimmers with fake data. Beneath the facade, the simulation rots."
System-0414,1,Restricted (Toll/Permit),"The surface of this Red Dwarf system glimmers with fake data. Beneath the facade, the simulation rots."
System-0415,2,Restricted (Toll/Permit),"The surface of this G/K Type system glimmers with fake data. Beneath the facade, the simulation rots."
System-0416,2,Restricted (Toll/Permit),"The surface of this Exotic system glimmers with fake data. Beneath the facade, the simulation rots."
System-0417,8,Active,"The surface of this G/K Type system glimmers with fake data. Beneath the facade, the simulation rots."
System-0418,10,Restricted (Toll/Permit),"The surface of this G/K Type system glimmers with fake data. Beneath the facade, the simulation rots."
System-0419,1,Severed,"The surface of this G/K Type system glimmers with fake data. Beneath the facade, the simulation rots."
System-0420,7,Restricted (Toll/Permit),"The surface of this Red Dwarf system glimmers with fake data. Beneath the facade, the simulation rots."
System-0421,4,Restricted (Toll/Permit),"The surface of this Red Dwarf system glimmers with fake data. Beneath the facade, the simulation rots."
System-0422,7,Severed,"The surface of this G/K Type system glimmers with fake data. Beneath the facade, the simulation rots."
System-0423,2,Active,"The surface of this Red Dwarf system glimmers with fake data. Beneath the facade, the simulation rots."
System-0424,7,Severed,"The surface of this Red Dwarf system glimmers with fake data. Beneath the facade, the simulation rots."
System-0425,4,Severed,"The surface of this G/K Type system glimmers with fake data. Beneath the facade, the simulation rots."
System-0426,8,Restricted (Toll/Permit),"The surface of this Red Dwarf system glimmers with fake data. Beneath the facade, the simulation rots."
System-0427,5,Active,"The surface of this G/K Type system glimmers with fake data. Beneath the facade, the simulation rots."
System-0428,2,Severed,"The surface of this Red Dwarf system glimmers with fake data. Beneath the facade, the simulation rots."
System-0429,8,Active,"The surface of this Red Dwarf system glimmers with fake data. Beneath the facade, the simulation rots."
System-0430,10,Active,"The surface of this Red Dwarf system glimmers with fake data. Beneath the facade, the simulation rots."
System-0431,2,Active,"The surface of this Exotic system glimmers with fake data. Beneath the facade, the simulation rots."
System-0432,4,Severed,"The surface of this Red Dwarf system glimmers with fake data. Beneath the facade, the simulation rots."
System-0433,10,Severed,"The surface of this G/K Type system glimmers with fake data. Beneath the facade, the simulation rots."
System-0434,4,Active,"The surface of this Red Dwarf system glimmers with fake data. Beneath the facade, the simulation rots."
System-0435,8,Restricted (Toll/Permit),"The surface of this Red Dwarf system glimmers with fake data. Beneath the facade, the simulation rots."
System-0436,3,Severed,"The surface of this Red Dwarf system glimmers with fake data. Beneath the facade, the simulation rots."
System-0437,10,Severed,"The surface of this Red Dwarf system glimmers with fake data. Beneath the facade, the simulation rots."
System-0438,6,Restricted (Toll/Permit),"The surface of this Red Dwarf system glimmers with fake data. Beneath the facade, the simulation rots."
System-0439,4,Severed,"The surface of this Red Dwarf system glimmers with fake data. Beneath the facade, the simulation rots."
System-0440,3,Restricted (Toll/Permit),"The surface of this G/K Type system glimmers with fake data. Beneath the facade, the simulation rots."
System-0441,3,Active,"The surface of this Red Dwarf system glimmers with fake data. Beneath the facade, the simulation rots."
System-0442,4,Active,"The surface of this Red Dwarf system glimmers with fake data. Beneath the facade, the simulation rots."
System-0443,4,Active,"The surface of this Red Dwarf system glimmers with fake data. Beneath the facade, the simulation rots."
System-0444,5,Restricted (Toll/Permit),"The surface of this Red Dwarf system glimmers with fake data. Beneath the facade, the simulation rots."
System-0445,5,Restricted (Toll/Permit),"The surface of this Exotic system glimmers with fake data. Beneath the facade, the simulation rots."
System-0446,9,Severed,"The surface of this G/K Type system glimmers with fake data. Beneath the facade, the simulation rots."
System-0447,9,Restricted (Toll/Permit),"The surface of this G/K Type system glimmers with fake data. Beneath the facade, the simulation rots."
System-0448,8,Severed,"The surface of this G/K Type system glimmers with fake data. Beneath the facade, the simulation rots."
System-0449,1,Restricted (Toll/Permit),"The surface of this Red Dwarf system glimmers with fake data. Beneath the facade, the simulation rots."
System-0450,4,Restricted (Toll/Permit),"The surface of this Red Dwarf system glimmers with fake data. Beneath the facade, the simulation rots."
System-0451,3,Active,"The surface of this G/K Type system glimmers with fake data. Beneath the facade, the simulation rots."
System-0452,8,Severed,"The surface of this Red Dwarf system glimmers with fake data. Beneath the facade, the simulation rots."
System-0453,5,Active,"The surface of this G/K Type system glimmers with fake data. Beneath the facade, the simulation rots."
System-0454,8,Restricted (Toll/Permit),"The surface of this Exotic system glimmers with fake data. Beneath the facade, the simulation rots."
System-0455,5,Restricted (Toll/Permit),"The surface of this Red Dwarf system glimmers with fake data. Beneath the facade, the simulation rots."
System-0456,4,Severed,"The surface of this Red Dwarf system glimmers with fake data. Beneath the facade, the simulation rots."
System-0457,3,Severed,"The surface of this G/K Type system glimmers with fake data. Beneath the facade, the simulation rots."
System-0458,5,Active,"The surface of this Red Dwarf system glimmers with fake data. Beneath the facade, the simulation rots."
System-0459,1,Severed,"The surface of this Red Dwarf system glimmers with fake data. Beneath the facade, the simulation rots."
System-0460,3,Restricted (Toll/Permit),"The surface of this G/K Type system glimmers with fake data. Beneath the facade, the simulation rots."
System-0461,9,Active,"The surface of this Red Dwarf system glimmers with fake data. Beneath the facade, the simulation rots."
System-0462,9,Restricted (Toll/Permit),"The surface of this G/K Type system glimmers with fake data. Beneath the facade, the simulation rots."
System-0463,2,Active,"The surface of this Red Dwarf system glimmers with fake data. Beneath the facade, the simulation rots."
System-0464,4,Severed,"The surface of this G/K Type system glimmers with fake data. Beneath the facade, the simulation rots."
System-0465,5,Severed,"The surface of this Red Dwarf system glimmers with fake data. Beneath the facade, the simulation rots."
System-0466,5,Severed,"The surface of this Red Dwarf system glimmers with fake data. Beneath the facade, the simulation rots."
System-0467,4,Severed,"The surface of this Red Dwarf system glimmers with fake data. Beneath the facade, the simulation rots."
System-0468,5,Restricted (Toll/Permit),"The surface of this G/K Type system glimmers with fake data. Beneath the facade, the simulation rots."
System-0469,7,Active,"The surface of this Red Dwarf system glimmers with fake data. Beneath the facade, the simulation rots."
System-0470,6,Restricted (Toll/Permit),"The surface of this Red Dwarf system glimmers with fake data. Beneath the facade, the simulation rots."
System-0471,4,Severed,"The surface of this G/K Type system glimmers with fake data. Beneath the facade, the simulation rots."
System-0472,7,Severed,"The surface of this Red Dwarf system glimmers with fake data. Beneath the facade, the simulation rots."
System-0473,8,Restricted (Toll/Permit),"The surface of this G/K Type system glimmers with fake data. Beneath the facade, the simulation rots."
System-0474,1,Active,"The surface of this Red Dwarf system glimmers with fake data. Beneath the facade, the simulation rots."
System-0475,1,Severed,"The surface of this G/K Type system glimmers with fake data. Beneath the facade, the simulation rots."
System-0476,4,Active,"The surface of this Exotic system glimmers with fake data. Beneath the facade, the simulation rots."
System-0477,4,Severed,"The surface of this Red Dwarf system glimmers with fake data. Beneath the facade, the simulation rots."
System-0478,3,Restricted (Toll/Permit),"The surface of this G/K Type system glimmers with fake data. Beneath the facade, the simulation rots."
System-0479,7,Restricted (Toll/Permit),"The surface of this G/K Type system glimmers with fake data. Beneath the facade, the simulation rots."
System-0480,8,Severed,"The surface of this Red Dwarf system glimmers with fake data. Beneath the facade, the simulation rots."
System-0481,5,Severed,"The surface of this G/K Type system glimmers with fake data. Beneath the facade, the simulation rots."
System-0482,1,Severed,"The surface of this Red Dwarf system glimmers with fake data. Beneath the facade, the simulation rots."
System-0483,1,Restricted (Toll/Permit),"The surface of this G/K Type system glimmers with fake data. Beneath the facade, the simulation rots."
System-0484,6,Severed,"The surface of this Red Dwarf system glimmers with fake data. Beneath the facade, the simulation rots."
System-0485,2,Restricted (Toll/Permit),"The surface of this G/K Type system glimmers with fake data. Beneath the facade, the simulation rots."
System-0486,2,Severed,"The surface of this Red Dwarf system glimmers with fake data. Beneath the facade, the simulation rots."
System-0487,4,Active,"The surface of this Red Dwarf system glimmers with fake data. Beneath the facade, the simulation rots."
System-0488,2,Restricted (Toll/Permit),"The surface of this G/K Type system glimmers with fake data. Beneath the facade, the simulation rots."
System-0489,1,Restricted (Toll/Permit),"The surface of this Red Dwarf system glimmers with fake data. Beneath the facade, the simulation rots."
System-0490,2,Severed,"The surface of this Red Dwarf system glimmers with fake data. Beneath the facade, the simulation rots."
System-0491,9,Restricted (Toll/Permit),"The surface of this Red Dwarf system glimmers with fake data. Beneath the facade, the simulation rots."
System-0492,9,Severed,"The surface of this Red Dwarf system glimmers with fake data. Beneath the facade, the simulation rots."
System-0493,5,Restricted (Toll/Permit),"The surface of this G/K Type system glimmers with fake data. Beneath the facade, the simulation rots."
System-0494,4,Active,"The surface of this Red Dwarf system glimmers with fake data. Beneath the facade, the simulation rots."
System-0495,5,Severed,"The surface of this Red Dwarf system glimmers with fake data. Beneath the facade, the simulation rots."
System-0496,4,Severed,"The surface of this Red Dwarf system glimmers with fake data. Beneath the facade, the simulation rots."
System-0497,4,Active,"The surface of this G/K Type system glimmers with fake data. Beneath the facade, the simulation rots."
System-0498,2,Severed,"The surface of this G/K Type system glimmers with fake data. Beneath the facade, the simulation rots."
System-0499,4,Severed,"The surface of this Red Dwarf system glimmers with fake data. Beneath the facade, the simulation rots."
System-0500,2,Active,"The surface of this G/K Type system glimmers with fake data. Beneath the facade, the simulation rots."
System-0501,7,Restricted (Toll/Permit),"The surface of this G/K Type system glimmers with fake data. Beneath the facade, the simulation rots."
System-0502,1,Restricted (Toll/Permit),"The surface of this G/K Type system glimmers with fake data. Beneath the facade, the simulation rots."
System-0503,3,Restricted (Toll/Permit),"The surface of this Red Dwarf system glimmers with fake data. Beneath the facade, the simulation rots."
System-0504,7,Active,"The surface of this Red Dwarf system glimmers with fake data. Beneath the facade, the simulation rots."
System-0505,7,Severed,"The surface of this G/K Type system glimmers with fake data. Beneath the facade, the simulation rots."
System-0506,7,Active,"The surface of this Red Dwarf system glimmers with fake data. Beneath the facade, the simulation rots."
System-0507,4,Restricted (Toll/Permit),"The surface of this Red Dwarf system glimmers with fake data. Beneath the facade, the simulation rots."
System-0508,6,Active,"The surface of this Exotic system glimmers with fake data. Beneath the facade, the simulation rots."
System-0509,6,Restricted (Toll/Permit),"The surface of this Red Dwarf system glimmers with fake data. Beneath the facade, the simulation rots."
System-0510,2,Active,"The surface of this G/K Type system glimmers with fake data. Beneath the facade, the simulation rots."
System-0511,10,Active,"The surface of this Red Dwarf system glimmers with fake data. Beneath the facade, the simulation rots."
System-0512,2,Restricted (Toll/Permit),"The surface of this Red Dwarf system glimmers with fake data. Beneath the facade, the simulation rots."
System-0513,2,Restricted (Toll/Permit),"The surface of this Red Dwarf system glimmers with fake data. Beneath the facade, the simulation rots."
System-0514,4,Active,"The surface of this Red Dwarf system glimmers with fake data. Beneath the facade, the simulation rots."
System-0515,1,Active,"The surface of this Red Dwarf system glimmers with fake data. Beneath the facade, the simulation rots."
System-0516,1,Severed,"The surface of this Red Dwarf system glimmers with fake data. Beneath the facade, the simulation rots."
System-0517,6,Severed,"The surface of this Exotic system glimmers with fake data. Beneath the facade, the simulation rots."
System-0518,5,Restricted (Toll/Permit),"The surface of this G/K Type system glimmers with fake data. Beneath the facade, the simulation rots."
System-0519,7,Severed,"The surface of this Red Dwarf system glimmers with fake data. Beneath the facade, the simulation rots."
System-0520,1,Active,"The surface of this Red Dwarf system glimmers with fake data. Beneath the facade, the simulation rots."
System-0521,6,Severed,"The surface of this G/K Type system glimmers with fake data. Beneath the facade, the simulation rots."
System-0522,8,Severed,"The surface of this Red Dwarf system glimmers with fake data. Beneath the facade, the simulation rots."
System-0523,3,Restricted (Toll/Permit),"The surface of this Red Dwarf system glimmers with fake data. Beneath the facade, the simulation rots."
System-0524,10,Restricted (Toll/Permit),"The surface of this G/K Type system glimmers with fake data. Beneath the facade, the simulation rots."
System-0525,3,Active,"The surface of this G/K Type system glimmers with fake data. Beneath the facade, the simulation rots."
System-0526,2,Severed,"The surface of this G/K Type system glimmers with fake data. Beneath the facade, the simulation rots."
System-0527,2,Severed,"The surface of this Red Dwarf system glimmers with fake data. Beneath the facade, the simulation rots."
System-0528,7,Restricted (Toll/Permit),"The surface of this Exotic system glimmers with fake data. Beneath the facade, the simulation rots."
System-0529,8,Active,"The surface of this Red Dwarf system glimmers with fake data. Beneath the facade, the simulation rots."
System-0530,1,Severed,"The surface of this G/K Type system glimmers with fake data. Beneath the facade, the simulation rots."
System-0531,6,Restricted (Toll/Permit),"The surface of this Red Dwarf system glimmers with fake data. Beneath the facade, the simulation rots."
System-0532,4,Active,"The surface of this Red Dwarf system glimmers with fake data. Beneath the facade, the simulation rots."
System-0533,9,Restricted (Toll/Permit),"The surface of this G/K Type system glimmers with fake data. Beneath the facade, the simulation rots."
System-0534,2,Active,"The surface of this Red Dwarf system glimmers with fake data. Beneath the facade, the simulation rots."
System-0535,5,Severed,"The surface of this Red Dwarf system glimmers with fake data. Beneath the facade, the simulation rots."
System-0536,2,Restricted (Toll/Permit),"The surface of this G/K Type system glimmers with fake data. Beneath the facade, the simulation rots."
System-0537,1,Severed,"The surface of this Red Dwarf system glimmers with fake data. Beneath the facade, the simulation rots."
System-0538,8,Restricted (Toll/Permit),"The surface of this Red Dwarf system glimmers with fake data. Beneath the facade, the simulation rots."
System-0539,6,Severed,"The surface of this Red Dwarf system glimmers with fake data. Beneath the facade, the simulation rots."
System-0540,7,Severed,"The surface of this Red Dwarf system glimmers with fake data. Beneath the facade, the simulation rots."
System-0541,1,Severed,"The surface of this Red Dwarf system glimmers with fake data. Beneath the facade, the simulation rots."
System-0542,10,Severed,"The surface of this Red Dwarf system glimmers with fake data. Beneath the facade, the simulation rots."
System-0543,9,Restricted (Toll/Permit),"The surface of this Red Dwarf system glimmers with fake data. Beneath the facade, the simulation rots."
System-0544,10,Restricted (Toll/Permit),"The surface of this Red Dwarf system glimmers with fake data. Beneath the facade, the simulation rots."
System-0545,5,Restricted (Toll/Permit),"The surface of this G/K Type system glimmers with fake data. Beneath the facade, the simulation rots."
System-0546,4,Severed,"The surface of this Red Dwarf system glimmers with fake data. Beneath the facade, the simulation rots."
System-0547,1,Severed,"The surface of this G/K Type system glimmers with fake data. Beneath the facade, the simulation rots."
System-0548,5,Severed,"The surface of this Red Dwarf system glimmers with fake data. Beneath the facade, the simulation rots."
System-0549,1,Severed,"The surface of this G/K Type system glimmers with fake data. Beneath the facade, the simulation rots."
System-0550,3,Restricted (Toll/Permit),"The surface of this G/K Type system glimmers with fake data. Beneath the facade, the simulation rots."
System-0551,1,Severed,"The surface of this Red Dwarf system glimmers with fake data. Beneath the facade, the simulation rots."
System-0552,9,Active,"The surface of this Red Dwarf system glimmers with fake data. Beneath the facade, the simulation rots."
System-0553,2,Restricted (Toll/Permit),"The surface of this Red Dwarf system glimmers with fake data. Beneath the facade, the simulation rots."
System-0554,5,Active,"The surface of this Red Dwarf system glimmers with fake data. Beneath the facade, the simulation rots."
System-0555,10,Active,"The surface of this G/K Type system glimmers with fake data. Beneath the facade, the simulation rots."
System-0556,5,Restricted (Toll/Permit),"The surface of this G/K Type system glimmers with fake data. Beneath the facade, the simulation rots."
System-0557,9,Severed,"The surface of this Red Dwarf system glimmers with fake data. Beneath the facade, the simulation rots."
System-0558,3,Restricted (Toll/Permit),"The surface of this G/K Type system glimmers with fake data. Beneath the facade, the simulation rots."
System-0559,8,Severed,"The surface of this Exotic system glimmers with fake data. Beneath the facade, the simulation rots."
System-0560,7,Active,"The surface of this G/K Type system glimmers with fake data. Beneath the facade, the simulation rots."
System-0561,10,Restricted (Toll/Permit),"The surface of this Red Dwarf system glimmers with fake data. Beneath the facade, the simulation rots."
System-0562,5,Severed,"The surface of this Red Dwarf system glimmers with fake data. Beneath the facade, the simulation rots."
System-0563,2,Severed,"The surface of this Exotic system glimmers with fake data. Beneath the facade, the simulation rots."
System-0564,4,Severed,"The surface of this Red Dwarf system glimmers with fake data. Beneath the facade, the simulation rots."
System-0565,4,Severed,"The surface of this G/K Type system glimmers with fake data. Beneath the facade, the simulation rots."
System-0566,3,Active,"The surface of this Red Dwarf system glimmers with fake data. Beneath the facade, the simulation rots."
System-0567,2,Severed,"The surface of this G/K Type system glimmers with fake data. Beneath the facade, the simulation rots."
System-0568,1,Severed,"The surface of this G/K Type system glimmers with fake data. Beneath the facade, the simulation rots."
System-0569,6,Active,"The surface of this G/K Type system glimmers with fake data. Beneath the facade, the simulation rots."
System-0570,5,Restricted (Toll/Permit),"The surface of this Red Dwarf system glimmers with fake data. Beneath the facade, the simulation rots."
System-0571,10,Active,"The surface of this G/K Type system glimmers with fake data. Beneath the facade, the simulation rots."
System-0572,9,Restricted (Toll/Permit),"The surface of this Red Dwarf system glimmers with fake data. Beneath the facade, the simulation rots."
System-0573,1,Restricted (Toll/Permit),"The surface of this Red Dwarf system glimmers with fake data. Beneath the facade, the simulation rots."
System-0574,8,Severed,"The surface of this Red Dwarf system glimmers with fake data. Beneath the facade, the simulation rots."
System-0575,5,Active,"The surface of this Red Dwarf system glimmers with fake data. Beneath the facade, the simulation rots."
System-0576,3,Severed,"The surface of this G/K Type system glimmers with fake data. Beneath the facade, the simulation rots."
System-0577,9,Severed,"The surface of this G/K Type system glimmers with fake data. Beneath the facade, the simulation rots."
System-0578,3,Severed,"The surface of this Red Dwarf system glimmers with fake data. Beneath the facade, the simulation rots."
System-0579,6,Restricted (Toll/Permit),"The surface of this Red Dwarf system glimmers with fake data. Beneath the facade, the simulation rots."
System-0580,1,Active,"The surface of this G/K Type system glimmers with fake data. Beneath the facade, the simulation rots."
System-0581,3,Active,"The surface of this G/K Type system glimmers with fake data. Beneath the facade, the simulation rots."
System-0582,7,Severed,"The surface of this Red Dwarf system glimmers with fake data. Beneath the facade, the simulation rots."
System-0583,9,Severed,"The surface of this G/K Type system glimmers with fake data. Beneath the facade, the simulation rots."
System-0584,1,Restricted (Toll/Permit),"The surface of this Red Dwarf system glimmers with fake data. Beneath the facade, the simulation rots."
System-0585,3,Active,"The surface of this Red Dwarf system glimmers with fake data. Beneath the facade, the simulation rots."
System-0586,5,Restricted (Toll/Permit),"The surface of this Red Dwarf system glimmers with fake data. Beneath the facade, the simulation rots."
System-0587,2,Severed,"The surface of this Red Dwarf system glimmers with fake data. Beneath the facade, the simulation rots."
System-0588,2,Active,"The surface of this G/K Type system glimmers with fake data. Beneath the facade, the simulation rots."
System-0589,10,Restricted (Toll/Permit),"The surface of this Red Dwarf system glimmers with fake data. Beneath the facade, the simulation rots."
System-0590,8,Active,"The surface of this G/K Type system glimmers with fake data. Beneath the facade, the simulation rots."
System-0591,7,Active,"The surface of this G/K Type system glimmers with fake data. Beneath the facade, the simulation rots."
System-0592,4,Active,"The surface of this Red Dwarf system glimmers with fake data. Beneath the facade, the simulation rots."
System-0593,5,Restricted (Toll/Permit),"The surface of this Red Dwarf system glimmers with fake data. Beneath the facade, the simulation rots."
System-0594,1,Restricted (Toll/Permit),"The surface of this Red Dwarf system glimmers with fake data. Beneath the facade, the simulation rots."
System-0595,5,Severed,"The surface of this Red Dwarf system glimmers with fake data. Beneath the facade, the simulation rots."
System-0596,5,Severed,"The surface of this Red Dwarf system glimmers with fake data. Beneath the facade, the simulation rots."
System-0597,10,Restricted (Toll/Permit),"The surface of this Red Dwarf system glimmers with fake data. Beneath the facade, the simulation rots."
System-0598,2,Restricted (Toll/Permit),"The surface of this G/K Type system glimmers with fake data. Beneath the facade, the simulation rots."
System-0599,1,Restricted (Toll/Permit),"The surface of this Red Dwarf system glimmers with fake data. Beneath the facade, the simulation rots."
System-0600,4,Active,"The surface of this G/K Type system glimmers with fake data. Beneath the facade, the simulation rots."
System-0601,8,Restricted (Toll/Permit),"The surface of this G/K Type system glimmers with fake data. Beneath the facade, the simulation rots."
System-0602,8,Severed,"The surface of this G/K Type system glimmers with fake data. Beneath the facade, the simulation rots."
System-0603,5,Active,"The surface of this Exotic system glimmers with fake data. Beneath the facade, the simulation rots."
System-0604,1,Severed,"The surface of this G/K Type system glimmers with fake data. Beneath the facade, the simulation rots."
System-0605,10,Severed,"The surface of this Red Dwarf system glimmers with fake data. Beneath the facade, the simulation rots."
System-0606,3,Restricted (Toll/Permit),"The surface of this Red Dwarf system glimmers with fake data. Beneath the facade, the simulation rots."
System-0607,5,Restricted (Toll/Permit),"The surface of this Exotic system glimmers with fake data. Beneath the facade, the simulation rots."
System-0608,7,Active,"The surface of this Red Dwarf system glimmers with fake data. Beneath the facade, the simulation rots."
System-0609,4,Restricted (Toll/Permit),"The surface of this Exotic system glimmers with fake data. Beneath the facade, the simulation rots."
System-0610,7,Severed,"The surface of this Red Dwarf system glimmers with fake data. Beneath the facade, the simulation rots."
System-0611,9,Restricted (Toll/Permit),"The surface of this Red Dwarf system glimmers with fake data. Beneath the facade, the simulation rots."
System-0612,3,Severed,"The surface of this Red Dwarf system glimmers with fake data. Beneath the facade, the simulation rots."
System-0613,5,Severed,"The surface of this Red Dwarf system glimmers with fake data. Beneath the facade, the simulation rots."
System-0614,5,Restricted (Toll/Permit),"The surface of this Red Dwarf system glimmers with fake data. Beneath the facade, the simulation rots."
System-0615,8,Severed,"The surface of this Red Dwarf system glimmers with fake data. Beneath the facade, the simulation rots."
System-0616,8,Severed,"The surface of this Red Dwarf system glimmers with fake data. Beneath the facade, the simulation rots."
System-0617,9,Active,"The surface of this G/K Type system glimmers with fake data. Beneath the facade, the simulation rots."
System-0618,1,Restricted (Toll/Permit),"The surface of this Red Dwarf system glimmers with fake data. Beneath the facade, the simulation rots."
System-0619,1,Restricted (Toll/Permit),"The surface of this G/K Type system glimmers with fake data. Beneath the facade, the simulation rots."
System-0620,4,Severed,"The surface of this Exotic system glimmers with fake data. Beneath the facade, the simulation rots."
System-0621,4,Severed,"The surface of this G/K Type system glimmers with fake data. Beneath the facade, the simulation rots."
System-0622,1,Restricted (Toll/Permit),"The surface of this Red Dwarf system glimmers with fake data. Beneath the facade, the simulation rots."
System-0623,1,Active,"The surface of this G/K Type system glimmers with fake data. Beneath the facade, the simulation rots."
System-0624,10,Restricted (Toll/Permit),"The surface of this Red Dwarf system glimmers with fake data. Beneath the facade, the simulation rots."
System-0625,4,Active,"The surface of this Red Dwarf system glimmers with fake data. Beneath the facade, the simulation rots."
System-0626,3,Active,"The surface of this Red Dwarf system glimmers with fake data. Beneath the facade, the simulation rots."
System-0627,3,Active,"The surface of this Red Dwarf system glimmers with fake data. Beneath the facade, the simulation rots."
System-0628,7,Active,"The surface of this Red Dwarf system glimmers with fake data. Beneath the facade, the simulation rots."
System-0629,4,Active,"The surface of this Red Dwarf system glimmers with fake data. Beneath the facade, the simulation rots."
System-0630,4,Restricted (Toll/Permit),"The surface of this Red Dwarf system glimmers with fake data. Beneath the facade, the simulation rots."
System-0631,2,Severed,"The surface of this Red Dwarf system glimmers with fake data. Beneath the facade, the simulation rots."
System-0632,8,Severed,"The surface of this Red Dwarf system glimmers with fake data. Beneath the facade, the simulation rots."
System-0633,2,Active,"The surface of this Red Dwarf system glimmers with fake data. Beneath the facade, the simulation rots."
System-0634,2,Active,"The surface of this Exotic system glimmers with fake data. Beneath the facade, the simulation rots."
System-0635,5,Severed,"The surface of this G/K Type system glimmers with fake data. Beneath the facade, the simulation rots."
System-0636,7,Severed,"The surface of this Red Dwarf system glimmers with fake data. Beneath the facade, the simulation rots."
System-0637,1,Severed,"The surface of this Red Dwarf system glimmers with fake data. Beneath the facade, the simulation rots."
System-0638,8,Active,"The surface of this Red Dwarf system glimmers with fake data. Beneath the facade, the simulation rots."
System-0639,6,Severed,"The surface of this Red Dwarf system glimmers with fake data. Beneath the facade, the simulation rots."
System-0640,3,Severed,"The surface of this G/K Type system glimmers with fake data. Beneath the facade, the simulation rots."
System-0641,4,Active,"The surface of this Red Dwarf system glimmers with fake data. Beneath the facade, the simulation rots."
System-0642,2,Severed,"The surface of this Red Dwarf system glimmers with fake data. Beneath the facade, the simulation rots."
System-0643,3,Restricted (Toll/Permit),"The surface of this Red Dwarf system glimmers with fake data. Beneath the facade, the simulation rots."
System-0644,5,Restricted (Toll/Permit),"The surface of this G/K Type system glimmers with fake data. Beneath the facade, the simulation rots."
System-0645,4,Restricted (Toll/Permit),"The surface of this Exotic system glimmers with fake data. Beneath the facade, the simulation rots."
System-0646,8,Active,"The surface of this Red Dwarf system glimmers with fake data. Beneath the facade, the simulation rots."
System-0647,3,Severed,"The surface of this G/K Type system glimmers with fake data. Beneath the facade, the simulation rots."
System-0648,4,Active,"The surface of this Exotic system glimmers with fake data. Beneath the facade, the simulation rots."
System-0649,7,Restricted (Toll/Permit),"The surface of this Exotic system glimmers with fake data. Beneath the facade, the simulation rots."
System-0650,10,Active,"The surface of this Red Dwarf system glimmers with fake data. Beneath the facade, the simulation rots."
System-0651,8,Active,"The surface of this G/K Type system glimmers with fake data. Beneath the facade, the simulation rots."
System-0652,3,Active,"The surface of this G/K Type system glimmers with fake data. Beneath the facade, the simulation rots."
System-0653,8,Restricted (Toll/Permit),"The surface of this Red Dwarf system glimmers with fake data. Beneath the facade, the simulation rots."
System-0654,1,Active,"The surface of this Red Dwarf system glimmers with fake data. Beneath the facade, the simulation rots."
System-0655,5,Restricted (Toll/Permit),"The surface of this Red Dwarf system glimmers with fake data. Beneath the facade, the simulation rots."
System-0656,9,Active,"The surface of this Red Dwarf system glimmers with fake data. Beneath the facade, the simulation rots."
System-0657,8,Severed,"The surface of this Red Dwarf system glimmers with fake data. Beneath the facade, the simulation rots."
System-0658,4,Severed,"The surface of this Red Dwarf system glimmers with fake data. Beneath the facade, the simulation rots."
System-0659,4,Severed,"The surface of this Red Dwarf system glimmers with fake data. Beneath the facade, the simulation rots."
System-0660,4,Restricted (Toll/Permit),"The surface of this Red Dwarf system glimmers with fake data. Beneath the facade, the simulation rots."
System-0661,7,Restricted (Toll/Permit),"The surface of this Red Dwarf system glimmers with fake data. Beneath the facade, the simulation rots."
System-0662,1,Active,"The surface of this G/K Type system glimmers with fake data. Beneath the facade, the simulation rots."
System-0663,3,Restricted (Toll/Permit),"The surface of this Red Dwarf system glimmers with fake data. Beneath the facade, the simulation rots."
System-0664,8,Restricted (Toll/Permit),"The surface of this Exotic system glimmers with fake data. Beneath the facade, the simulation rots."
System-0665,5,Active,"The surface of this G/K Type system glimmers with fake data. Beneath the facade, the simulation rots."
System-0666,4,Severed,"The surface of this Exotic system glimmers with fake data. Beneath the facade, the simulation rots."
System-0667,9,Restricted (Toll/Permit),"The surface of this G/K Type system glimmers with fake data. Beneath the facade, the simulation rots."
System-0668,5,Restricted (Toll/Permit),"The surface of this G/K Type system glimmers with fake data. Beneath the facade, the simulation rots."
System-0669,9,Severed,"The surface of this G/K Type system glimmers with fake data. Beneath the facade, the simulation rots."
System-0670,7,Severed,"The surface of this Red Dwarf system glimmers with fake data. Beneath the facade, the simulation rots."
System-0671,7,Active,"The surface of this G/K Type system glimmers with fake data. Beneath the facade, the simulation rots."
System-0672,5,Restricted (Toll/Permit),"The surface of this Red Dwarf system glimmers with fake data. Beneath the facade, the simulation rots."
System-0673,9,Restricted (Toll/Permit),"The surface of this Red Dwarf system glimmers with fake data. Beneath the facade, the simulation rots."
System-0674,5,Severed,"The surface of this Red Dwarf system glimmers with fake data. Beneath the facade, the simulation rots."
System-0675,4,Restricted (Toll/Permit),"The surface of this G/K Type system glimmers with fake data. Beneath the facade, the simulation rots."
System-0676,4,Restricted (Toll/Permit),"The surface of this G/K Type system glimmers with fake data. Beneath the facade, the simulation rots."
System-0677,1,Severed,"The surface of this Red Dwarf system glimmers with fake data. Beneath the facade, the simulation rots."
System-0678,4,Active,"The surface of this Red Dwarf system glimmers with fake data. Beneath the facade, the simulation rots."
System-0679,5,Active,"The surface of this Red Dwarf system glimmers with fake data. Beneath the facade, the simulation rots."
System-0680,2,Severed,"The surface of this Red Dwarf system glimmers with fake data. Beneath the facade, the simulation rots."
System-0681,10,Active,"The surface of this Red Dwarf system glimmers with fake data. Beneath the facade, the simulation rots."
System-0682,7,Restricted (Toll/Permit),"The surface of this Red Dwarf system glimmers with fake data. Beneath the facade, the simulation rots."
System-0683,3,Active,"The surface of this Red Dwarf system glimmers with fake data. Beneath the facade, the simulation rots."
System-0684,2,Severed,"The surface of this G/K Type system glimmers with fake data. Beneath the facade, the simulation rots."
System-0685,9,Restricted (Toll/Permit),"The surface of this Red Dwarf system glimmers with fake data. Beneath the facade, the simulation rots."
System-0686,1,Restricted (Toll/Permit),"The surface of this G/K Type system glimmers with fake data. Beneath the facade, the simulation rots."
System-0687,4,Active,"The surface of this Red Dwarf system glimmers with fake data. Beneath the facade, the simulation rots."
System-0688,5,Severed,"The surface of this Red Dwarf system glimmers with fake data. Beneath the facade, the simulation rots."
System-0689,1,Active,"The surface of this G/K Type system glimmers with fake data. Beneath the facade, the simulation rots."
System-0690,1,Active,"The surface of this Red Dwarf system glimmers with fake data. Beneath the facade, the simulation rots."
System-0691,9,Restricted (Toll/Permit),"The surface of this Exotic system glimmers with fake data. Beneath the facade, the simulation rots."
System-0692,4,Restricted (Toll/Permit),"The surface of this G/K Type system glimmers with fake data. Beneath the facade, the simulation rots."
System-0693,7,Active,"The surface of this Red Dwarf system glimmers with fake data. Beneath the facade, the simulation rots."
System-0694,2,Active,"The surface of this Red Dwarf system glimmers with fake data. Beneath the facade, the simulation rots."
System-0695,2,Restricted (Toll/Permit),"The surface of this Red Dwarf system glimmers with fake data. Beneath the facade, the simulation rots."
System-0696,9,Active,"The surface of this Red Dwarf system glimmers with fake data. Beneath the facade, the simulation rots."
System-0697,10,Active,"The surface of this Red Dwarf system glimmers with fake data. Beneath the facade, the simulation rots."
System-0698,5,Severed,"The surface of this Red Dwarf system glimmers with fake data. Beneath the facade, the simulation rots."
System-0699,4,Severed,"The surface of this Red Dwarf system glimmers with fake data. Beneath the facade, the simulation rots."
System-0700,1,Restricted (Toll/Permit),"The surface of this Red Dwarf system glimmers with fake data. Beneath the facade, the simulation rots."
System-0701,3,Active,"The surface of this Exotic system glimmers with fake data. Beneath the facade, the simulation rots."
System-0702,5,Severed,"The surface of this G/K Type system glimmers with fake data. Beneath the facade, the simulation rots."
System-0703,1,Active,"The surface of this G/K Type system glimmers with fake data. Beneath the facade, the simulation rots."
System-0704,10,Severed,"The surface of this G/K Type system glimmers with fake data. Beneath the facade, the simulation rots."
System-0705,4,Restricted (Toll/Permit),"The surface of this Red Dwarf system glimmers with fake data. Beneath the facade, the simulation rots."
System-0706,8,Severed,"The surface of this G/K Type system glimmers with fake data. Beneath the facade, the simulation rots."
System-0707,5,Restricted (Toll/Permit),"The surface of this Red Dwarf system glimmers with fake data. Beneath the facade, the simulation rots."
System-0708,9,Severed,"The surface of this G/K Type system glimmers with fake data. Beneath the facade, the simulation rots."
System-0709,10,Active,"The surface of this G/K Type system glimmers with fake data. Beneath the facade, the simulation rots."
System-0710,4,Restricted (Toll/Permit),"The surface of this G/K Type system glimmers with fake data. Beneath the facade, the simulation rots."
System-0711,4,Active,"The surface of this Red Dwarf system glimmers with fake data. Beneath the facade, the simulation rots."
System-0712,1,Restricted (Toll/Permit),"The surface of this G/K Type system glimmers with fake data. Beneath the facade, the simulation rots."
System-0713,1,Restricted (Toll/Permit),"The surface of this Red Dwarf system glimmers with fake data. Beneath the facade, the simulation rots."
System-0714,7,Active,"The surface of this Red Dwarf system glimmers with fake data. Beneath the facade, the simulation rots."
System-0715,1,Restricted (Toll/Permit),"The surface of this Red Dwarf system glimmers with fake data. Beneath the facade, the simulation rots."
System-0716,2,Restricted (Toll/Permit),"The surface of this Red Dwarf system glimmers with fake data. Beneath the facade, the simulation rots."
System-0717,7,Active,"The surface of this Red Dwarf system glimmers with fake data. Beneath the facade, the simulation rots."
System-0718,6,Active,"The surface of this Red Dwarf system glimmers with fake data. Beneath the facade, the simulation rots."
System-0719,3,Severed,"The surface of this Red Dwarf system glimmers with fake data. Beneath the facade, the simulation rots."
System-0720,7,Active,"The surface of this Red Dwarf system glimmers with fake data. Beneath the facade, the simulation rots."
System-0721,9,Active,"The surface of this Red Dwarf system glimmers with fake data. Beneath the facade, the simulation rots."
System-0722,10,Restricted (Toll/Permit),"The surface of this G/K Type system glimmers with fake data. Beneath the facade, the simulation rots."
System-0723,5,Active,"The surface of this Red Dwarf system glimmers with fake data. Beneath the facade, the simulation rots."
System-0724,7,Restricted (Toll/Permit),"The surface of this G/K Type system glimmers with fake data. Beneath the facade, the simulation rots."
System-0725,1,Severed,"The surface of this G/K Type system glimmers with fake data. Beneath the facade, the simulation rots."
System-0726,4,Active,"The surface of this Red Dwarf system glimmers with fake data. Beneath the facade, the simulation rots."
System-0727,7,Restricted (Toll/Permit),"The surface of this G/K Type system glimmers with fake data. Beneath the facade, the simulation rots."
System-0728,2,Restricted (Toll/Permit),"The surface of this G/K Type system glimmers with fake data. Beneath the facade, the simulation rots."
System-0729,1,Active,"The surface of this Red Dwarf system glimmers with fake data. Beneath the facade, the simulation rots."
System-0730,4,Restricted (Toll/Permit),"The surface of this G/K Type system glimmers with fake data. Beneath the facade, the simulation rots."
System-0731,8,Severed,"The surface of this Red Dwarf system glimmers with fake data. Beneath the facade, the simulation rots."
System-0732,9,Restricted (Toll/Permit),"The surface of this G/K Type system glimmers with fake data. Beneath the facade, the simulation rots."
System-0733,4,Severed,"The surface of this G/K Type system glimmers with fake data. Beneath the facade, the simulation rots."
System-0734,1,Active,"The surface of this Red Dwarf system glimmers with fake data. Beneath the facade, the simulation rots."
System-0735,7,Severed,"The surface of this G/K Type system glimmers with fake data. Beneath the facade, the simulation rots."
System-0736,9,Severed,"The surface of this Red Dwarf system glimmers with fake data. Beneath the facade, the simulation rots."
System-0737,6,Active,"The surface of this G/K Type system glimmers with fake data. Beneath the facade, the simulation rots."
System-0738,1,Active,"The surface of this Red Dwarf system glimmers with fake data. Beneath the facade, the simulation rots."
System-0739,6,Restricted (Toll/Permit),"The surface of this Red Dwarf system glimmers with fake data. Beneath the facade, the simulation rots."
System-0740,5,Active,"The surface of this Red Dwarf system glimmers with fake data. Beneath the facade, the simulation rots."
System-0741,3,Active,"The surface of this Red Dwarf system glimmers with fake data. Beneath the facade, the simulation rots."
System-0742,9,Restricted (Toll/Permit),"The surface of this Red Dwarf system glimmers with fake data. Beneath the facade, the simulation rots."
System-0743,6,Active,"The surface of this Exotic system glimmers with fake data. Beneath the facade, the simulation rots."
System-0744,3,Active,"The surface of this Exotic system glimmers with fake data. Beneath the facade, the simulation rots."
System-0745,2,Restricted (Toll/Permit),"The surface of this G/K Type system glimmers with fake data. Beneath the facade, the simulation rots."
System-0746,4,Severed,"The surface of this G/K Type system glimmers with fake data. Beneath the facade, the simulation rots."
System-0747,2,Restricted (Toll/Permit),"The surface of this Red Dwarf system glimmers with fake data. Beneath the facade, the simulation rots."
System-0748,7,Severed,"The surface of this Red Dwarf system glimmers with fake data. Beneath the facade, the simulation rots."
System-0749,1,Active,"The surface of this Red Dwarf system glimmers with fake data. Beneath the facade, the simulation rots."
System-0750,10,Active,"The surface of this Red Dwarf system glimmers with fake data. Beneath the facade, the simulation rots."
System-0751,7,Restricted (Toll/Permit),"The surface of this Red Dwarf system glimmers with fake data. Beneath the facade, the simulation rots."
System-0752,9,Severed,"The surface of this Red Dwarf system glimmers with fake data. Beneath the facade, the simulation rots."
System-0753,3,Severed,"The surface of this Red Dwarf system glimmers with fake data. Beneath the facade, the simulation rots."
System-0754,3,Severed,"The surface of this Red Dwarf system glimmers with fake data. Beneath the facade, the simulation rots."
System-0755,9,Active,"The surface of this G/K Type system glimmers with fake data. Beneath the facade, the simulation rots."
System-0756,7,Active,"The surface of this G/K Type system glimmers with fake data. Beneath the facade, the simulation rots."
System-0757,7,Severed,"The surface of this Red Dwarf system glimmers with fake data. Beneath the facade, the simulation rots."
System-0758,9,Restricted (Toll/Permit),"The surface of this Red Dwarf system glimmers with fake data. Beneath the facade, the simulation rots."
System-0759,1,Severed,"The surface of this Red Dwarf system glimmers with fake data. Beneath the facade, the simulation rots."
System-0760,6,Restricted (Toll/Permit),"The surface of this Exotic system glimmers with fake data. Beneath the facade, the simulation rots."
System-0761,10,Active,"The surface of this Red Dwarf system glimmers with fake data. Beneath the facade, the simulation rots."
System-0762,1,Restricted (Toll/Permit),"The surface of this Red Dwarf system glimmers with fake data. Beneath the facade, the simulation rots."
System-0763,2,Severed,"The surface of this Red Dwarf system glimmers with fake data. Beneath the facade, the simulation rots."
System-0764,3,Severed,"The surface of this Red Dwarf system glimmers with fake data. Beneath the facade, the simulation rots."
System-0765,10,Active,"The surface of this Red Dwarf system glimmers with fake data. Beneath the facade, the simulation rots."
System-0766,1,Active,"The surface of this Red Dwarf system glimmers with fake data. Beneath the facade, the simulation rots."
System-0767,2,Restricted (Toll/Permit),"The surface of this Exotic system glimmers with fake data. Beneath the facade, the simulation rots."
System-0768,3,Active,"The surface of this Red Dwarf system glimmers with fake data. Beneath the facade, the simulation rots."
System-0769,4,Active,"The surface of this Red Dwarf system glimmers with fake data. Beneath the facade, the simulation rots."
System-0770,9,Restricted (Toll/Permit),"The surface of this G/K Type system glimmers with fake data. Beneath the facade, the simulation rots."
System-0771,10,Restricted (Toll/Permit),"The surface of this Red Dwarf system glimmers with fake data. Beneath the facade, the simulation rots."
System-0772,10,Restricted (Toll/Permit),"The surface of this Red Dwarf system glimmers with fake data. Beneath the facade, the simulation rots."
System-0773,4,Severed,"The surface of this Red Dwarf system glimmers with fake data. Beneath the facade, the simulation rots."
System-0774,1,Active,"The surface of this Red Dwarf system glimmers with fake data. Beneath the facade, the simulation rots."
System-0775,2,Active,"The surface of this G/K Type system glimmers with fake data. Beneath the facade, the simulation rots."
System-0776,5,Restricted (Toll/Permit),"The surface of this Red Dwarf system glimmers with fake data. Beneath the facade, the simulation rots."
System-0777,10,Active,"The surface of this Red Dwarf system glimmers with fake data. Beneath the facade, the simulation rots."
System-0778,7,Severed,"The surface of this Red Dwarf system glimmers with fake data. Beneath the facade, the simulation rots."
System-0779,1,Active,"The surface of this G/K Type system glimmers with fake data. Beneath the facade, the simulation rots."
System-0780,9,Severed,"The surface of this Red Dwarf system glimmers with fake data. Beneath the facade, the simulation rots."
System-0781,5,Severed,"The surface of this G/K Type system glimmers with fake data. Beneath the facade, the simulation rots."
System-0782,10,Restricted (Toll/Permit),"The surface of this Red Dwarf system glimmers with fake data. Beneath the facade, the simulation rots."
System-0783,5,Severed,"The surface of this G/K Type system glimmers with fake data. Beneath the facade, the simulation rots."
System-0784,9,Active,"The surface of this G/K Type system glimmers with fake data. Beneath the facade, the simulation rots."
System-0785,4,Active,"The surface of this G/K Type system glimmers with fake data. Beneath the facade, the simulation rots."
System-0786,5,Restricted (Toll/Permit),"The surface of this Red Dwarf system glimmers with fake data. Beneath the facade, the simulation rots."
System-0787,1,Active,"The surface of this G/K Type system glimmers with fake data. Beneath the facade, the simulation rots."
System-0788,4,Active,"The surface of this Red Dwarf system glimmers with fake data. Beneath the facade, the simulation rots."
System-0789,4,Active,"The surface of this Red Dwarf system glimmers with fake data. Beneath the facade, the simulation rots."
System-0790,1,Severed,"The surface of this Red Dwarf system glimmers with fake data. Beneath the facade, the simulation rots."
System-0791,3,Severed,"The surface of this G/K Type system glimmers with fake data. Beneath the facade, the simulation rots."
System-0792,4,Severed,"The surface of this G/K Type system glimmers with fake data. Beneath the facade, the simulation rots."
System-0793,8,Active,"The surface of this Red Dwarf system glimmers with fake data. Beneath the facade, the simulation rots."
System-0794,4,Restricted (Toll/Permit),"The surface of this Red Dwarf system glimmers with fake data. Beneath the facade, the simulation rots."
System-0795,3,Restricted (Toll/Permit),"The surface of this Red Dwarf system glimmers with fake data. Beneath the facade, the simulation rots."
System-0796,8,Severed,"The surface of this G/K Type system glimmers with fake data. Beneath the facade, the simulation rots."
System-0797,4,Active,"The surface of this Red Dwarf system glimmers with fake data. Beneath the facade, the simulation rots."
System-0798,4,Restricted (Toll/Permit),"The surface of this G/K Type system glimmers with fake data. Beneath the facade, the simulation rots."
System-0799,2,Severed,"The surface of this G/K Type system glimmers with fake data. Beneath the facade, the simulation rots."
System-0800,4,Severed,"The surface of this G/K Type system glimmers with fake data. Beneath the facade, the simulation rots."
System-0801,2,Restricted (Toll/Permit),"The surface of this Red Dwarf system glimmers with fake data. Beneath the facade, the simulation rots."
System-0802,7,Severed,"The surface of this G/K Type system glimmers with fake data. Beneath the facade, the simulation rots."
System-0803,7,Restricted (Toll/Permit),"The surface of this G/K Type system glimmers with fake data. Beneath the facade, the simulation rots."
System-0804,9,Active,"The surface of this Exotic system glimmers with fake data. Beneath the facade, the simulation rots."
System-0805,3,Severed,"The surface of this Red Dwarf system glimmers with fake data. Beneath the facade, the simulation rots."
System-0806,5,Restricted (Toll/Permit),"The surface of this Red Dwarf system glimmers with fake data. Beneath the facade, the simulation rots."
System-0807,3,Severed,"The surface of this Red Dwarf system glimmers with fake data. Beneath the facade, the simulation rots."
System-0808,2,Active,"The surface of this Exotic system glimmers with fake data. Beneath the facade, the simulation rots."
System-0809,7,Active,"The surface of this Red Dwarf system glimmers with fake data. Beneath the facade, the simulation rots."
System-0810,9,Active,"The surface of this G/K Type system glimmers with fake data. Beneath the facade, the simulation rots."
System-0811,2,Restricted (Toll/Permit),"The surface of this Red Dwarf system glimmers with fake data. Beneath the facade, the simulation rots."
System-0812,6,Restricted (Toll/Permit),"The surface of this Red Dwarf system glimmers with fake data. Beneath the facade, the simulation rots."
System-0813,6,Restricted (Toll/Permit),"The surface of this Red Dwarf system glimmers with fake data. Beneath the facade, the simulation rots."
System-0814,2,Active,"The surface of this G/K Type system glimmers with fake data. Beneath the facade, the simulation rots."
System-0815,1,Restricted (Toll/Permit),"The surface of this G/K Type system glimmers with fake data. Beneath the facade, the simulation rots."
System-0816,5,Active,"The surface of this Exotic system glimmers with fake data. Beneath the facade, the simulation rots."
System-0817,8,Severed,"The surface of this Red Dwarf system glimmers with fake data. Beneath the facade, the simulation rots."
System-0818,2,Severed,"The surface of this G/K Type system glimmers with fake data. Beneath the facade, the simulation rots."
System-0819,6,Severed,"The surface of this G/K Type system glimmers with fake data. Beneath the facade, the simulation rots."
System-0820,8,Restricted (Toll/Permit),"The surface of this G/K Type system glimmers with fake data. Beneath the facade, the simulation rots."
System-0821,1,Active,"The surface of this Red Dwarf system glimmers with fake data. Beneath the facade, the simulation rots."
System-0822,7,Restricted (Toll/Permit),"The surface of this G/K Type system glimmers with fake data. Beneath the facade, the simulation rots."
System-0823,3,Restricted (Toll/Permit),"The surface of this Red Dwarf system glimmers with fake data. Beneath the facade, the simulation rots."
System-0824,5,Active,"The surface of this Red Dwarf system glimmers with fake data. Beneath the facade, the simulation rots."
System-0825,5,Restricted (Toll/Permit),"The surface of this G/K Type system glimmers with fake data. Beneath the facade, the simulation rots."
System-0826,1,Restricted (Toll/Permit),"The surface of this Exotic system glimmers with fake data. Beneath the facade, the simulation rots."
System-0827,6,Restricted (Toll/Permit),"The surface of this Red Dwarf system glimmers with fake data. Beneath the facade, the simulation rots."
System-0828,5,Active,"The surface of this G/K Type system glimmers with fake data. Beneath the facade, the simulation rots."
System-0829,4,Active,"The surface of this G/K Type system glimmers with fake data. Beneath the facade, the simulation rots."
System-0830,10,Active,"The surface of this Red Dwarf system glimmers with fake data. Beneath the facade, the simulation rots."
System-0831,9,Active,"The surface of this G/K Type system glimmers with fake data. Beneath the facade, the simulation rots."
System-0832,4,Severed,"The surface of this Red Dwarf system glimmers with fake data. Beneath the facade, the simulation rots."
System-0833,8,Active,"The surface of this G/K Type system glimmers with fake data. Beneath the facade, the simulation rots."
System-0834,5,Severed,"The surface of this Red Dwarf system glimmers with fake data. Beneath the facade, the simulation rots."
System-0835,2,Severed,"The surface of this Red Dwarf system glimmers with fake data. Beneath the facade, the simulation rots."
System-0836,4,Restricted (Toll/Permit),"The surface of this G/K Type system glimmers with fake data. Beneath the facade, the simulation rots."
System-0837,10,Severed,"The surface of this Exotic system glimmers with fake data. Beneath the facade, the simulation rots."
System-0838,5,Active,"The surface of this Red Dwarf system glimmers with fake data. Beneath the facade, the simulation rots."
System-0839,7,Restricted (Toll/Permit),"The surface of this Red Dwarf system glimmers with fake data. Beneath the facade, the simulation rots."
System-0840,3,Active,"The surface of this G/K Type system glimmers with fake data. Beneath the facade, the simulation rots."
System-0841,10,Active,"The surface of this G/K Type system glimmers with fake data. Beneath the facade, the simulation rots."
System-0842,3,Severed,"The surface of this Red Dwarf system glimmers with fake data. Beneath the facade, the simulation rots."
System-0843,6,Active,"The surface of this Exotic system glimmers with fake data. Beneath the facade, the simulation rots."
System-0844,3,Active,"The surface of this Red Dwarf system glimmers with fake data. Beneath the facade, the simulation rots."
System-0845,4,Active,"The surface of this Red Dwarf system glimmers with fake data. Beneath the facade, the simulation rots."
System-0846,4,Active,"The surface of this Red Dwarf system glimmers with fake data. Beneath the facade, the simulation rots."
System-0847,3,Active,"The surface of this G/K Type system glimmers with fake data. Beneath the facade, the simulation rots."
System-0848,3,Severed,"The surface of this Red Dwarf system glimmers with fake data. Beneath the facade, the simulation rots."
System-0849,8,Active,"The surface of this G/K Type system glimmers with fake data. Beneath the facade, the simulation rots."
System-0850,4,Severed,"The surface of this G/K Type system glimmers with fake data. Beneath the facade, the simulation rots."
System-0851,2,Active,"The surface of this Red Dwarf system glimmers with fake data. Beneath the facade, the simulation rots."
System-0852,7,Restricted (Toll/Permit),"The surface of this G/K Type system glimmers with fake data. Beneath the facade, the simulation rots."
System-0853,10,Severed,"The surface of this Red Dwarf system glimmers with fake data. Beneath the facade, the simulation rots."
System-0854,3,Active,"The surface of this G/K Type system glimmers with fake data. Beneath the facade, the simulation rots."
System-0855,1,Severed,"The surface of this Red Dwarf system glimmers with fake data. Beneath the facade, the simulation rots."
System-0856,1,Active,"The surface of this G/K Type system glimmers with fake data. Beneath the facade, the simulation rots."
System-0857,8,Severed,"The surface of this Red Dwarf system glimmers with fake data. Beneath the facade, the simulation rots."
System-0858,3,Restricted (Toll/Permit),"The surface of this Red Dwarf system glimmers with fake data. Beneath the facade, the simulation rots."
System-0859,7,Restricted (Toll/Permit),"The surface of this Red Dwarf system glimmers with fake data. Beneath the facade, the simulation rots."
System-0860,2,Restricted (Toll/Permit),"The surface of this G/K Type system glimmers with fake data. Beneath the facade, the simulation rots."
System-0861,10,Active,"The surface of this Red Dwarf system glimmers with fake data. Beneath the facade, the simulation rots."
System-0862,5,Restricted (Toll/Permit),"The surface of this Red Dwarf system glimmers with fake data. Beneath the facade, the simulation rots."
System-0863,4,Severed,"The surface of this G/K Type system glimmers with fake data. Beneath the facade, the simulation rots."
System-0864,2,Active,"The surface of this Red Dwarf system glimmers with fake data. Beneath the facade, the simulation rots."
System-0865,7,Active,"The surface of this G/K Type system glimmers with fake data. Beneath the facade, the simulation rots."
System-0866,9,Severed,"The surface of this Red Dwarf system glimmers with fake data. Beneath the facade, the simulation rots."
System-0867,10,Severed,"The surface of this G/K Type system glimmers with fake data. Beneath the facade, the simulation rots."
System-0868,7,Restricted (Toll/Permit),"The surface of this G/K Type system glimmers with fake data. Beneath the facade, the simulation rots."
System-0869,10,Active,"The surface of this Red Dwarf system glimmers with fake data. Beneath the facade, the simulation rots."
System-0870,1,Severed,"The surface of this Red Dwarf system glimmers with fake data. Beneath the facade, the simulation rots."
System-0871,4,Active,"The surface of this G/K Type system glimmers with fake data. Beneath the facade, the simulation rots."
System-0872,7,Severed,"The surface of this Red Dwarf system glimmers with fake data. Beneath the facade, the simulation rots."
System-0873,10,Active,"The surface of this G/K Type system glimmers with fake data. Beneath the facade, the simulation rots."
System-0874,3,Restricted (Toll/Permit),"The surface of this Red Dwarf system glimmers with fake data. Beneath the facade, the simulation rots."
System-0875,3,Restricted (Toll/Permit),"The surface of this Red Dwarf system glimmers with fake data. Beneath the facade, the simulation rots."
System-0876,5,Active,"The surface of this Exotic system glimmers with fake data. Beneath the facade, the simulation rots."
System-0877,10,Restricted (Toll/Permit),"The surface of this G/K Type system glimmers with fake data. Beneath the facade, the simulation rots."
System-0878,9,Restricted (Toll/Permit),"The surface of this G/K Type system glimmers with fake data. Beneath the facade, the simulation rots."
System-0879,2,Severed,"The surface of this Red Dwarf system glimmers with fake data. Beneath the facade, the simulation rots."
System-0880,8,Restricted (Toll/Permit),"The surface of this Exotic system glimmers with fake data. Beneath the facade, the simulation rots."
System-0881,5,Active,"The surface of this Exotic system glimmers with fake data. Beneath the facade, the simulation rots."
System-0882,5,Severed,"The surface of this Red Dwarf system glimmers with fake data. Beneath the facade, the simulation rots."
System-0883,7,Restricted (Toll/Permit),"The surface of this Red Dwarf system glimmers with fake data. Beneath the facade, the simulation rots."
System-0884,3,Active,"The surface of this Red Dwarf system glimmers with fake data. Beneath the facade, the simulation rots."
System-0885,3,Active,"The surface of this Red Dwarf system glimmers with fake data. Beneath the facade, the simulation rots."
System-0886,9,Active,"The surface of this Red Dwarf system glimmers with fake data. Beneath the facade, the simulation rots."
System-0887,7,Active,"The surface of this Exotic system glimmers with fake data. Beneath the facade, the simulation rots."
System-0888,5,Active,"The surface of this Red Dwarf system glimmers with fake data. Beneath the facade, the simulation rots."
System-0889,3,Active,"The surface of this Red Dwarf system glimmers with fake data. Beneath the facade, the simulation rots."
System-0890,5,Restricted (Toll/Permit),"The surface of this Red Dwarf system glimmers with fake data. Beneath the facade, the simulation rots."
System-0891,1,Severed,"The surface of this Red Dwarf system glimmers with fake data. Beneath the facade, the simulation rots."
System-0892,6,Severed,"The surface of this Red Dwarf system glimmers with fake data. Beneath the facade, the simulation rots."
System-0893,4,Restricted (Toll/Permit),"The surface of this G/K Type system glimmers with fake data. Beneath the facade, the simulation rots."
System-0894,4,Severed,"The surface of this G/K Type system glimmers with fake data. Beneath the facade, the simulation rots."
System-0895,5,Active,"The surface of this Red Dwarf system glimmers with fake data. Beneath the facade, the simulation rots."
System-0896,10,Restricted (Toll/Permit),"The surface of this G/K Type system glimmers with fake data. Beneath the facade, the simulation rots."
System-0897,5,Severed,"The surface of this G/K Type system glimmers with fake data. Beneath the facade, the simulation rots."
System-0898,2,Restricted (Toll/Permit),"The surface of this G/K Type system glimmers with fake data. Beneath the facade, the simulation rots."
System-0899,1,Restricted (Toll/Permit),"The surface of this Red Dwarf system glimmers with fake data. Beneath the facade, the simulation rots."
System-0900,8,Severed,"The surface of this Red Dwarf system glimmers with fake data. Beneath the facade, the simulation rots."
System-0901,4,Restricted (Toll/Permit),"The surface of this G/K Type system glimmers with fake data. Beneath the facade, the simulation rots."
System-0902,3,Restricted (Toll/Permit),"The surface of this Red Dwarf system glimmers with fake data. Beneath the facade, the simulation rots."
System-0903,9,Active,"The surface of this G/K Type system glimmers with fake data. Beneath the facade, the simulation rots."
System-0904,7,Restricted (Toll/Permit),"The surface of this G/K Type system glimmers with fake data. Beneath the facade, the simulation rots."
System-0905,2,Active,"The surface of this G/K Type system glimmers with fake data. Beneath the facade, the simulation rots."
System-0906,2,Active,"The surface of this Red Dwarf system glimmers with fake data. Beneath the facade, the simulation rots."
System-0907,5,Severed,"The surface of this Red Dwarf system glimmers with fake data. Beneath the facade, the simulation rots."
System-0908,1,Active,"The surface of this Exotic system glimmers with fake data. Beneath the facade, the simulation rots."
System-0909,3,Restricted (Toll/Permit),"The surface of this G/K Type system glimmers with fake data. Beneath the facade, the simulation rots."
System-0910,3,Restricted (Toll/Permit),"The surface of this G/K Type system glimmers with fake data. Beneath the facade, the simulation rots."
System-0911,3,Severed,"The surface of this Red Dwarf system glimmers with fake data. Beneath the facade, the simulation rots."
System-0912,5,Active,"The surface of this Red Dwarf system glimmers with fake data. Beneath the facade, the simulation rots."
System-0913,2,Restricted (Toll/Permit),"The surface of this G/K Type system glimmers with fake data. Beneath the facade, the simulation rots."
System-0914,4,Active,"The surface of this Red Dwarf system glimmers with fake data. Beneath the facade, the simulation rots."
System-0915,9,Active,"The surface of this Red Dwarf system glimmers with fake data. Beneath the facade, the simulation rots."
System-0916,10,Severed,"The surface of this Red Dwarf system glimmers with fake data. Beneath the facade, the simulation rots."
System-0917,2,Restricted (Toll/Permit),"The surface of this Exotic system glimmers with fake data. Beneath the facade, the simulation rots."
System-0918,4,Severed,"The surface of this G/K Type system glimmers with fake data. Beneath the facade, the simulation rots."
System-0919,10,Severed,"The surface of this G/K Type system glimmers with fake data. Beneath the facade, the simulation rots."
System-0920,8,Severed,"The surface of this Red Dwarf system glimmers with fake data. Beneath the facade, the simulation rots."
System-0921,1,Severed,"The surface of this G/K Type system glimmers with fake data. Beneath the facade, the simulation rots."
System-0922,3,Active,"The surface of this Exotic system glimmers with fake data. Beneath the facade, the simulation rots."
System-0923,2,Severed,"The surface of this G/K Type system glimmers with fake data. Beneath the facade, the simulation rots."
System-0924,5,Active,"The surface of this G/K Type system glimmers with fake data. Beneath the facade, the simulation rots."
System-0925,2,Active,"The surface of this G/K Type system glimmers with fake data. Beneath the facade, the simulation rots."
System-0926,3,Active,"The surface of this Red Dwarf system glimmers with fake data. Beneath the facade, the simulation rots."
System-0927,2,Severed,"The surface of this Red Dwarf system glimmers with fake data. Beneath the facade, the simulation rots."
System-0928,10,Severed,"The surface of this G/K Type system glimmers with fake data. Beneath the facade, the simulation rots."
System-0929,3,Severed,"The surface of this Exotic system glimmers with fake data. Beneath the facade, the simulation rots."
System-0930,8,Active,"The surface of this Exotic system glimmers with fake data. Beneath the facade, the simulation rots."
System-0931,4,Severed,"The surface of this Red Dwarf system glimmers with fake data. Beneath the facade, the simulation rots."
System-0932,3,Severed,"The surface of this Red Dwarf system glimmers with fake data. Beneath the facade, the simulation rots."
System-0933,4,Restricted (Toll/Permit),"The surface of this G/K Type system glimmers with fake data. Beneath the facade, the simulation rots."
System-0934,8,Severed,"The surface of this G/K Type system glimmers with fake data. Beneath the facade, the simulation rots."
System-0935,4,Active,"The surface of this Red Dwarf system glimmers with fake data. Beneath the facade, the simulation rots."
System-0936,5,Active,"The surface of this Red Dwarf system glimmers with fake data. Beneath the facade, the simulation rots."
System-0937,2,Severed,"The surface of this G/K Type system glimmers with fake data. Beneath the facade, the simulation rots."
System-0938,8,Active,"The surface of this Red Dwarf system glimmers with fake data. Beneath the facade, the simulation rots."
System-0939,7,Severed,"The surface of this Red Dwarf system glimmers with fake data. Beneath the facade, the simulation rots."
System-0940,5,Restricted (Toll/Permit),"The surface of this Red Dwarf system glimmers with fake data. Beneath the facade, the simulation rots."
System-0941,5,Active,"The surface of this G/K Type system glimmers with fake data. Beneath the facade, the simulation rots."
System-0942,2,Severed,"The surface of this Red Dwarf system glimmers with fake data. Beneath the facade, the simulation rots."
System-0943,5,Restricted (Toll/Permit),"The surface of this Red Dwarf system glimmers with fake data. Beneath the facade, the simulation rots."
System-0944,2,Severed,"The surface of this Red Dwarf system glimmers with fake data. Beneath the facade, the simulation rots."
System-0945,4,Restricted (Toll/Permit),"The surface of this Red Dwarf system glimmers with fake data. Beneath the facade, the simulation rots."
System-0946,4,Active,"The surface of this Red Dwarf system glimmers with fake data. Beneath the facade, the simulation rots."
System-0947,9,Active,"The surface of this Red Dwarf system glimmers with fake data. Beneath the facade, the simulation rots."
System-0948,6,Active,"The surface of this Red Dwarf system glimmers with fake data. Beneath the facade, the simulation rots."
System-0949,10,Active,"The surface of this Red Dwarf system glimmers with fake data. Beneath the facade, the simulation rots."
System-0950,8,Restricted (Toll/Permit),"The surface of this Exotic system glimmers with fake data. Beneath the facade, the simulation rots."
System-0951,10,Active,"The surface of this Red Dwarf system glimmers with fake data. Beneath the facade, the simulation rots."
System-0952,9,Active,"The surface of this Red Dwarf system glimmers with fake data. Beneath the facade, the simulation rots."
System-0953,3,Restricted (Toll/Permit),"The surface of this Red Dwarf system glimmers with fake data. Beneath the facade, the simulation rots."
System-0954,5,Active,"The surface of this Red Dwarf system glimmers with fake data. Beneath the facade, the simulation rots."
System-0955,6,Severed,"The surface of this Red Dwarf system glimmers with fake data. Beneath the facade, the simulation rots."
System-0956,7,Severed,"The surface of this Exotic system glimmers with fake data. Beneath the facade, the simulation rots."
System-0957,4,Restricted (Toll/Permit),"The surface of this G/K Type system glimmers with fake data. Beneath the facade, the simulation rots."
System-0958,5,Active,"The surface of this Red Dwarf system glimmers with fake data. Beneath the facade, the simulation rots."
System-0959,5,Active,"The surface of this G/K Type system glimmers with fake data. Beneath the facade, the simulation rots."
System-0960,10,Severed,"The surface of this Red Dwarf system glimmers with fake data. Beneath the facade, the simulation rots."
System-0961,10,Active,"The surface of this Red Dwarf system glimmers with fake data. Beneath the facade, the simulation rots."
System-0962,10,Restricted (Toll/Permit),"The surface of this Red Dwarf system glimmers with fake data. Beneath the facade, the simulation rots."
System-0963,2,Severed,"The surface of this Red Dwarf system glimmers with fake data. Beneath the facade, the simulation rots."
System-0964,2,Active,"The surface of this G/K Type system glimmers with fake data. Beneath the facade, the simulation rots."
System-0965,9,Severed,"The surface of this Red Dwarf system glimmers with fake data. Beneath the facade, the simulation rots."
System-0966,9,Active,"The surface of this G/K Type system glimmers with fake data. Beneath the facade, the simulation rots."
System-0967,5,Restricted (Toll/Permit),"The surface of this Red Dwarf system glimmers with fake data. Beneath the facade, the simulation rots."
System-0968,1,Active,"The surface of this Red Dwarf system glimmers with fake data. Beneath the facade, the simulation rots."
System-0969,5,Severed,"The surface of this Red Dwarf system glimmers with fake data. Beneath the facade, the simulation rots."
System-0970,5,Restricted (Toll/Permit),"The surface of this Red Dwarf system glimmers with fake data. Beneath the facade, the simulation rots."
System-0971,3,Severed,"The surface of this Red Dwarf system glimmers with fake data. Beneath the facade, the simulation rots."
System-0972,2,Restricted (Toll/Permit),"The surface of this Red Dwarf system glimmers with fake data. Beneath the facade, the simulation rots."
System-0973,1,Restricted (Toll/Permit),"The surface of this Red Dwarf system glimmers with fake data. Beneath the facade, the simulation rots."
System-0974,3,Active,"The surface of this Exotic system glimmers with fake data. Beneath the facade, the simulation rots."
System-0975,1,Active,"The surface of this Red Dwarf system glimmers with fake data. Beneath the facade, the simulation rots."
System-0976,3,Restricted (Toll/Permit),"The surface of this Red Dwarf system glimmers with fake data. Beneath the facade, the simulation rots."
System-0977,7,Restricted (Toll/Permit),"The surface of this G/K Type system glimmers with fake data. Beneath the facade, the simulation rots."
System-0978,2,Severed,"The surface of this Exotic system glimmers with fake data. Beneath the facade, the simulation rots."
System-0979,1,Severed,"The surface of this G/K Type system glimmers with fake data. Beneath the facade, the simulation rots."
System-0980,6,Restricted (Toll/Permit),"The surface of this Red Dwarf system glimmers with fake data. Beneath the facade, the simulation rots."
System-0981,1,Severed,"The surface of this Red Dwarf system glimmers with fake data. Beneath the facade, the simulation rots."
System-0982,5,Active,"The surface of this Red Dwarf system glimmers with fake data. Beneath the facade, the simulation rots."
System-0983,4,Active,"The surface of this G/K Type system glimmers with fake data. Beneath the facade, the simulation rots."
System-0984,9,Restricted (Toll/Permit),"The surface of this Red Dwarf system glimmers with fake data. Beneath the facade, the simulation rots."
System-0985,7,Restricted (Toll/Permit),"The surface of this G/K Type system glimmers with fake data. Beneath the facade, the simulation rots."
System-0986,9,Active,"The surface of this G/K Type system glimmers with fake data. Beneath the facade, the simulation rots."
System-0987,3,Restricted (Toll/Permit),"The surface of this Red Dwarf system glimmers with fake data. Beneath the facade, the simulation rots."
System-0988,5,Restricted (Toll/Permit),"The surface of this G/K Type system glimmers with fake data. Beneath the facade, the simulation rots."
System-0989,1,Active,"The surface of this G/K Type system glimmers with fake data. Beneath the facade, the simulation rots."
System-0990,3,Restricted (Toll/Permit),"The surface of this G/K Type system glimmers with fake data. Beneath the facade, the simulation rots."
System-0991,10,Restricted (Toll/Permit),"The surface of this Exotic system glimmers with fake data. Beneath the facade, the simulation rots."
System-0992,4,Restricted (Toll/Permit),"The surface of this Red Dwarf system glimmers with fake data. Beneath the facade, the simulation rots."
System-0993,2,Restricted (Toll/Permit),"The surface of this Red Dwarf system glimmers with fake data. Beneath the facade, the simulation rots."
System-0994,10,Severed,"The surface of this Red Dwarf system glimmers with fake data. Beneath the facade, the simulation rots."
System-0995,1,Restricted (Toll/Permit),"The surface of this Red Dwarf system glimmers with fake data. Beneath the facade, the simulation rots."
System-0996,10,Severed,"The surface of this Red Dwarf system glimmers with fake data. Beneath the facade, the simulation rots."
System-0997,8,Restricted (Toll/Permit),"The surface of this Red Dwarf system glimmers with fake data. Beneath the facade, the simulation rots."
System-0998,2,Severed,"The surface of this Red Dwarf system glimmers with fake data. Beneath the facade, the simulation rots."
System-0999,1,Active,"The surface of this Red Dwarf system glimmers with fake data. Beneath the facade, the simulation rots."
System-1000,5,Restricted (Toll/Permit),"The surface of this Red Dwarf system glimmers with fake data. Beneath the facade, the simulation rots."
